Date,Day of the week,Time,CarCount,BikeCount,BusCount,TruckCount,Total,Weather,RoadType,Holiday,Traffic Situation
1,Monday,8:00 AM,131,177,6,31,345,Rainy,Highway,Yes,high
1,Monday,10:00 AM,206,213,2,16,437,Foggy,Highway,No,high
1,Monday,12:00 PM,336,29,2,27,394,Rainy,NarrowRoad,No,high
1,Monday,2:00 PM,114,215,12,16,357,Sunny,NarrowRoad,No,high
1,Monday,4:00 PM,351,117,8,8,484,Rainy,CityRoad,Yes,heavy
1,Monday,6:00 PM,345,21,9,37,412,Rainy,NarrowRoad,Yes,high
1,Monday,8:00 PM,219,25,3,25,272,Foggy,CityRoad,Yes,normal
1,Tuesday,8:00 AM,220,101,6,37,364,Foggy,Highway,No,high
1,Tuesday,10:00 AM,363,236,2,14,615,Rainy,NarrowRoad,No,heavy
1,Tuesday,12:00 PM,363,125,12,46,546,Foggy,Highway,Yes,heavy
1,Tuesday,2:00 PM,307,41,15,45,408,Foggy,CityRoad,No,high
1,Tuesday,4:00 PM,117,65,10,10,202,Sunny,NarrowRoad,Yes,normal
1,Tuesday,6:00 PM,237,43,5,23,308,Sunny,NarrowRoad,No,high
1,Tuesday,8:00 PM,158,77,2,34,271,Sunny,CityRoad,Yes,normal
1,Wednesday,8:00 AM,51,206,7,46,310,Foggy,Highway,Yes,high
1,Wednesday,10:00 AM,369,129,11,29,538,Foggy,Highway,Yes,heavy
1,Wednesday,12:00 PM,380,150,13,20,563,Foggy,Highway,Yes,heavy
1,Wednesday,2:00 PM,329,171,8,28,536,Foggy,Highway,No,heavy
1,Wednesday,4:00 PM,306,213,8,9,536,Rainy,NarrowRoad,No,heavy
1,Wednesday,6:00 PM,263,55,9,48,375,Sunny,NarrowRoad,Yes,high
1,Wednesday,8:00 PM,181,248,6,36,471,Rainy,CityRoad,No,heavy
1,Thursday,8:00 AM,283,141,15,27,466,Sunny,CityRoad,Yes,heavy
1,Thursday,10:00 AM,116,235,13,24,388,Foggy,CityRoad,Yes,high
1,Thursday,12:00 PM,169,213,7,46,435,Foggy,NarrowRoad,No,high
1,Thursday,2:00 PM,393,98,1,31,523,Foggy,Highway,Yes,heavy
1,Thursday,4:00 PM,370,95,9,34,508,Rainy,CityRoad,Yes,heavy
1,Thursday,6:00 PM,92,200,14,43,349,Rainy,CityRoad,Yes,high
1,Thursday,8:00 PM,209,31,4,11,255,Rainy,NarrowRoad,No,normal
1,Friday,8:00 AM,151,166,3,8,328,Sunny,CityRoad,Yes,high
1,Friday,10:00 AM,241,92,9,12,354,Rainy,Highway,No,high
1,Friday,12:00 PM,126,35,3,9,173,Sunny,CityRoad,Yes,normal
1,Friday,2:00 PM,210,78,14,39,341,Sunny,NarrowRoad,No,high
1,Friday,4:00 PM,364,78,6,33,481,Sunny,NarrowRoad,Yes,heavy
1,Friday,6:00 PM,315,117,12,19,463,Foggy,CityRoad,No,heavy
1,Friday,8:00 PM,126,72,10,32,240,Foggy,CityRoad,Yes,normal
1,Saturday,8:00 AM,325,128,6,14,473,Sunny,Highway,No,heavy
1,Saturday,10:00 AM,124,86,8,20,238,Sunny,CityRoad,No,normal
1,Saturday,12:00 PM,75,153,10,16,254,Foggy,NarrowRoad,Yes,normal
1,Saturday,2:00 PM,232,240,7,22,501,Rainy,NarrowRoad,Yes,heavy
1,Saturday,4:00 PM,312,31,9,11,363,Foggy,CityRoad,Yes,high
1,Saturday,6:00 PM,232,129,6,48,415,Rainy,CityRoad,No,high
1,Saturday,8:00 PM,282,196,13,29,520,Rainy,NarrowRoad,No,heavy
1,Sunday,8:00 AM,184,240,6,26,456,Foggy,NarrowRoad,No,heavy
1,Sunday,10:00 AM,68,33,2,17,120,Rainy,CityRoad,Yes,low
1,Sunday,12:00 PM,316,110,9,33,468,Sunny,Highway,No,heavy
1,Sunday,2:00 PM,89,39,3,36,167,Foggy,Highway,Yes,normal
1,Sunday,4:00 PM,317,200,9,25,551,Sunny,Highway,No,heavy
1,Sunday,6:00 PM,51,223,3,29,306,Foggy,CityRoad,No,high
1,Sunday,8:00 PM,326,226,5,47,604,Rainy,CityRoad,No,heavy
2,Monday,8:00 AM,273,238,12,30,553,Sunny,NarrowRoad,No,heavy
2,Monday,10:00 AM,272,241,3,34,550,Rainy,CityRoad,No,heavy
2,Monday,12:00 PM,50,23,9,16,98,Rainy,CityRoad,No,low
2,Monday,2:00 PM,260,33,12,32,337,Rainy,NarrowRoad,Yes,high
2,Monday,4:00 PM,255,49,2,27,333,Foggy,Highway,Yes,high
2,Monday,6:00 PM,171,147,7,18,343,Foggy,Highway,No,high
2,Monday,8:00 PM,273,97,12,44,426,Sunny,Highway,No,high
2,Tuesday,8:00 AM,201,146,8,24,379,Sunny,CityRoad,No,high
2,Tuesday,10:00 AM,205,205,13,29,452,Rainy,NarrowRoad,No,heavy
2,Tuesday,12:00 PM,201,122,12,45,380,Foggy,NarrowRoad,Yes,high
2,Tuesday,2:00 PM,223,122,4,9,358,Rainy,NarrowRoad,Yes,high
2,Tuesday,4:00 PM,195,53,10,23,281,Rainy,Highway,No,normal
2,Tuesday,6:00 PM,345,190,11,23,569,Foggy,Highway,No,heavy
2,Tuesday,8:00 PM,249,207,3,48,507,Foggy,Highway,No,heavy
2,Wednesday,8:00 AM,360,187,10,16,573,Rainy,CityRoad,Yes,heavy
2,Wednesday,10:00 AM,62,242,6,35,345,Foggy,CityRoad,Yes,high
2,Wednesday,12:00 PM,67,190,11,16,284,Rainy,Highway,No,normal
2,Wednesday,2:00 PM,305,57,8,22,392,Sunny,CityRoad,Yes,high
2,Wednesday,4:00 PM,314,109,8,7,438,Rainy,NarrowRoad,No,high
2,Wednesday,6:00 PM,187,246,4,38,475,Sunny,Highway,Yes,heavy
2,Wednesday,8:00 PM,146,145,1,37,329,Rainy,Highway,Yes,high
2,Thursday,8:00 AM,110,118,7,42,277,Rainy,CityRoad,No,normal
2,Thursday,10:00 AM,71,49,6,22,148,Sunny,CityRoad,Yes,low
2,Thursday,12:00 PM,335,123,10,28,496,Rainy,CityRoad,No,heavy
2,Thursday,2:00 PM,296,161,12,26,495,Rainy,CityRoad,Yes,heavy
2,Thursday,4:00 PM,390,231,6,46,673,Sunny,Highway,No,heavy
2,Thursday,6:00 PM,347,203,8,43,601,Foggy,Highway,No,heavy
2,Thursday,8:00 PM,352,71,13,8,444,Foggy,CityRoad,Yes,high
2,Friday,8:00 AM,261,245,12,20,538,Foggy,CityRoad,No,heavy
2,Friday,10:00 AM,344,210,7,48,609,Foggy,NarrowRoad,Yes,heavy
2,Friday,12:00 PM,239,186,6,11,442,Foggy,NarrowRoad,No,high
2,Friday,2:00 PM,296,150,1,41,488,Foggy,NarrowRoad,No,heavy
2,Friday,4:00 PM,295,175,5,36,511,Rainy,Highway,No,heavy
2,Friday,6:00 PM,83,39,13,30,165,Rainy,NarrowRoad,Yes,normal
2,Friday,8:00 PM,322,72,1,31,426,Foggy,CityRoad,Yes,high
2,Saturday,8:00 AM,387,215,13,19,634,Sunny,Highway,Yes,heavy
2,Saturday,10:00 AM,143,149,1,49,342,Rainy,CityRoad,Yes,high
2,Saturday,12:00 PM,306,99,12,28,445,Sunny,CityRoad,No,high
2,Saturday,2:00 PM,177,119,13,13,322,Rainy,CityRoad,Yes,high
2,Saturday,4:00 PM,59,81,3,15,158,Sunny,CityRoad,No,normal
2,Saturday,6:00 PM,93,106,8,28,235,Foggy,Highway,Yes,normal
2,Saturday,8:00 PM,233,143,9,14,399,Rainy,CityRoad,No,high
2,Sunday,8:00 AM,348,196,13,42,599,Rainy,CityRoad,No,heavy
2,Sunday,10:00 AM,148,168,8,24,348,Rainy,NarrowRoad,Yes,high
2,Sunday,12:00 PM,321,79,1,23,424,Foggy,NarrowRoad,Yes,high
2,Sunday,2:00 PM,280,224,8,36,548,Sunny,CityRoad,No,heavy
2,Sunday,4:00 PM,202,49,11,10,272,Foggy,Highway,No,normal
2,Sunday,6:00 PM,348,215,13,44,620,Rainy,CityRoad,Yes,heavy
2,Sunday,8:00 PM,181,146,15,21,363,Foggy,NarrowRoad,No,high
3,Monday,8:00 AM,157,76,11,9,253,Sunny,CityRoad,No,normal
3,Monday,10:00 AM,319,117,11,5,452,Sunny,NarrowRoad,No,heavy
3,Monday,12:00 PM,364,151,4,32,551,Foggy,CityRoad,Yes,heavy
3,Monday,2:00 PM,167,188,3,18,376,Foggy,NarrowRoad,Yes,high
3,Monday,4:00 PM,391,60,11,42,504,Rainy,Highway,Yes,heavy
3,Monday,6:00 PM,128,85,11,36,260,Sunny,CityRoad,Yes,normal
3,Monday,8:00 PM,269,136,2,48,455,Rainy,NarrowRoad,No,heavy
3,Tuesday,8:00 AM,68,197,1,50,316,Foggy,CityRoad,Yes,high
3,Tuesday,10:00 AM,258,105,10,38,411,Rainy,NarrowRoad,Yes,high
3,Tuesday,12:00 PM,219,167,15,15,416,Sunny,Highway,No,high
3,Tuesday,2:00 PM,355,47,11,42,455,Rainy,Highway,No,heavy
3,Tuesday,4:00 PM,313,82,11,30,436,Rainy,CityRoad,Yes,high
3,Tuesday,6:00 PM,106,95,14,49,264,Rainy,Highway,Yes,normal
3,Tuesday,8:00 PM,139,176,6,30,351,Foggy,NarrowRoad,Yes,high
3,Wednesday,8:00 AM,279,124,13,24,440,Sunny,NarrowRoad,No,high
3,Wednesday,10:00 AM,78,62,8,21,169,Sunny,CityRoad,Yes,normal
3,Wednesday,12:00 PM,377,157,11,26,571,Sunny,Highway,Yes,heavy
3,Wednesday,2:00 PM,91,97,7,20,215,Sunny,CityRoad,Yes,normal
3,Wednesday,4:00 PM,331,160,13,8,512,Rainy,CityRoad,No,heavy
3,Wednesday,6:00 PM,170,242,4,34,450,Sunny,NarrowRoad,Yes,heavy
3,Wednesday,8:00 PM,70,204,11,41,326,Rainy,NarrowRoad,No,high
3,Thursday,8:00 AM,377,143,8,13,541,Foggy,CityRoad,No,heavy
3,Thursday,10:00 AM,151,65,4,35,255,Foggy,NarrowRoad,Yes,normal
3,Thursday,12:00 PM,398,222,14,19,653,Rainy,Highway,No,heavy
3,Thursday,2:00 PM,340,121,2,36,499,Foggy,NarrowRoad,No,heavy
3,Thursday,4:00 PM,176,249,10,42,477,Foggy,Highway,Yes,heavy
3,Thursday,6:00 PM,317,196,12,40,565,Foggy,CityRoad,Yes,heavy
3,Thursday,8:00 PM,182,98,9,5,294,Foggy,CityRoad,No,normal
3,Friday,8:00 AM,358,225,6,39,628,Foggy,NarrowRoad,No,heavy
3,Friday,10:00 AM,59,212,9,48,328,Rainy,NarrowRoad,No,high
3,Friday,12:00 PM,298,91,2,43,434,Sunny,Highway,Yes,high
3,Friday,2:00 PM,249,189,3,15,456,Sunny,CityRoad,No,heavy
3,Friday,4:00 PM,124,202,13,33,372,Sunny,Highway,Yes,high
3,Friday,6:00 PM,213,148,10,41,412,Rainy,CityRoad,No,high
3,Friday,8:00 PM,136,153,13,12,314,Sunny,Highway,No,high
3,Saturday,8:00 AM,255,145,4,35,439,Sunny,NarrowRoad,Yes,high
3,Saturday,10:00 AM,306,189,7,12,514,Rainy,Highway,No,heavy
3,Saturday,12:00 PM,367,238,1,38,644,Foggy,NarrowRoad,No,heavy
3,Saturday,2:00 PM,137,86,14,42,279,Sunny,NarrowRoad,No,normal
3,Saturday,4:00 PM,261,141,13,48,463,Foggy,CityRoad,Yes,heavy
3,Saturday,6:00 PM,103,75,14,24,216,Sunny,NarrowRoad,Yes,normal
3,Saturday,8:00 PM,385,182,5,14,586,Foggy,Highway,Yes,heavy
3,Sunday,8:00 AM,257,184,8,9,458,Foggy,Highway,Yes,heavy
3,Sunday,10:00 AM,269,44,6,26,345,Rainy,Highway,Yes,high
3,Sunday,12:00 PM,238,92,9,8,347,Rainy,Highway,No,high
3,Sunday,2:00 PM,379,135,14,6,534,Sunny,CityRoad,Yes,heavy
3,Sunday,4:00 PM,167,238,12,17,434,Sunny,CityRoad,Yes,high
3,Sunday,6:00 PM,222,200,1,19,442,Sunny,CityRoad,Yes,high
3,Sunday,8:00 PM,242,23,11,50,326,Rainy,CityRoad,Yes,high
4,Monday,8:00 AM,400,64,15,44,523,Sunny,NarrowRoad,Yes,heavy
4,Monday,10:00 AM,271,193,8,30,502,Rainy,NarrowRoad,No,heavy
4,Monday,12:00 PM,85,30,14,37,166,Sunny,Highway,No,normal
4,Monday,2:00 PM,175,190,4,22,391,Rainy,NarrowRoad,No,high
4,Monday,4:00 PM,197,130,1,14,342,Foggy,NarrowRoad,Yes,high
4,Monday,6:00 PM,75,142,6,40,263,Sunny,Highway,Yes,normal
4,Monday,8:00 PM,281,112,14,49,456,Sunny,CityRoad,No,heavy
4,Tuesday,8:00 AM,333,162,6,37,538,Rainy,CityRoad,No,heavy
4,Tuesday,10:00 AM,205,41,7,18,271,Sunny,CityRoad,Yes,normal
4,Tuesday,12:00 PM,91,35,1,19,146,Foggy,NarrowRoad,No,low
4,Tuesday,2:00 PM,197,95,6,33,331,Rainy,Highway,No,high
4,Tuesday,4:00 PM,367,125,11,39,542,Rainy,CityRoad,No,heavy
4,Tuesday,6:00 PM,202,82,5,29,318,Foggy,NarrowRoad,Yes,high
4,Tuesday,8:00 PM,169,94,3,15,281,Rainy,Highway,No,normal
4,Wednesday,8:00 AM,86,180,6,38,310,Foggy,CityRoad,Yes,high
4,Wednesday,10:00 AM,61,44,13,46,164,Sunny,Highway,No,normal
4,Wednesday,12:00 PM,389,130,2,13,534,Rainy,CityRoad,No,heavy
4,Wednesday,2:00 PM,213,121,3,25,362,Sunny,CityRoad,Yes,high
4,Wednesday,4:00 PM,170,51,15,6,242,Foggy,CityRoad,Yes,normal
4,Wednesday,6:00 PM,359,26,12,40,437,Foggy,Highway,No,high
4,Wednesday,8:00 PM,342,74,13,45,474,Foggy,NarrowRoad,No,heavy
4,Thursday,8:00 AM,73,115,14,47,249,Rainy,CityRoad,No,normal
4,Thursday,10:00 AM,240,71,4,40,355,Foggy,Highway,Yes,high
4,Thursday,12:00 PM,288,109,13,15,425,Sunny,NarrowRoad,No,high
4,Thursday,2:00 PM,329,93,13,44,479,Sunny,NarrowRoad,Yes,heavy
4,Thursday,4:00 PM,381,229,12,34,656,Foggy,Highway,No,heavy
4,Thursday,6:00 PM,55,154,15,23,247,Sunny,NarrowRoad,Yes,normal
4,Thursday,8:00 PM,337,158,11,6,512,Rainy,CityRoad,No,heavy
4,Friday,8:00 AM,84,136,14,33,267,Rainy,NarrowRoad,No,normal
4,Friday,10:00 AM,241,123,2,17,383,Sunny,Highway,No,high
4,Friday,12:00 PM,159,102,4,25,290,Rainy,NarrowRoad,Yes,normal
4,Friday,2:00 PM,123,45,9,16,193,Sunny,NarrowRoad,No,normal
4,Friday,4:00 PM,383,89,13,16,501,Foggy,Highway,Yes,heavy
4,Friday,6:00 PM,315,94,1,44,454,Foggy,CityRoad,No,heavy
4,Friday,8:00 PM,289,210,14,21,534,Foggy,CityRoad,No,heavy
4,Saturday,8:00 AM,359,225,6,42,632,Rainy,CityRoad,No,heavy
4,Saturday,10:00 AM,388,61,2,40,491,Foggy,Highway,No,heavy
4,Saturday,12:00 PM,133,226,15,33,407,Rainy,NarrowRoad,Yes,high
4,Saturday,2:00 PM,178,153,7,17,355,Sunny,Highway,No,high
4,Saturday,4:00 PM,135,185,7,8,335,Sunny,CityRoad,Yes,high
4,Saturday,6:00 PM,279,86,11,48,424,Rainy,Highway,No,high
4,Saturday,8:00 PM,367,211,12,18,608,Sunny,Highway,No,heavy
4,Sunday,8:00 AM,206,154,13,6,379,Rainy,NarrowRoad,No,high
4,Sunday,10:00 AM,164,90,9,12,275,Rainy,CityRoad,Yes,normal
4,Sunday,12:00 PM,87,137,13,50,287,Foggy,NarrowRoad,No,normal
4,Sunday,2:00 PM,372,218,14,11,615,Foggy,Highway,No,heavy
4,Sunday,4:00 PM,163,42,5,50,260,Rainy,Highway,No,normal
4,Sunday,6:00 PM,242,178,13,32,465,Foggy,CityRoad,No,heavy
4,Sunday,8:00 PM,330,148,12,17,507,Rainy,Highway,No,heavy
5,Monday,8:00 AM,177,222,5,50,454,Sunny,NarrowRoad,No,heavy
5,Monday,10:00 AM,334,199,10,37,580,Sunny,CityRoad,Yes,heavy
5,Monday,12:00 PM,329,135,14,22,500,Rainy,NarrowRoad,Yes,heavy
5,Monday,2:00 PM,306,34,9,11,360,Sunny,Highway,Yes,high
5,Monday,4:00 PM,192,78,13,7,290,Rainy,Highway,Yes,normal
5,Monday,6:00 PM,358,48,11,22,439,Sunny,CityRoad,No,high
5,Monday,8:00 PM,298,81,9,45,433,Rainy,CityRoad,No,high
5,Tuesday,8:00 AM,263,103,8,13,387,Foggy,NarrowRoad,Yes,high
5,Tuesday,10:00 AM,95,80,14,49,238,Sunny,NarrowRoad,Yes,normal
5,Tuesday,12:00 PM,386,109,3,16,514,Rainy,NarrowRoad,No,heavy
5,Tuesday,2:00 PM,244,164,9,20,437,Rainy,Highway,No,high
5,Tuesday,4:00 PM,343,110,6,36,495,Sunny,CityRoad,Yes,heavy
5,Tuesday,6:00 PM,393,162,4,22,581,Foggy,Highway,Yes,heavy
5,Tuesday,8:00 PM,216,213,11,35,475,Sunny,CityRoad,No,heavy
5,Wednesday,8:00 AM,266,213,9,17,505,Sunny,Highway,No,heavy
5,Wednesday,10:00 AM,168,217,1,31,417,Foggy,Highway,No,high
5,Wednesday,12:00 PM,333,150,8,16,507,Foggy,CityRoad,No,heavy
5,Wednesday,2:00 PM,219,203,13,11,446,Foggy,CityRoad,No,high
5,Wednesday,4:00 PM,157,238,11,25,431,Foggy,NarrowRoad,No,high
5,Wednesday,6:00 PM,316,216,14,9,555,Rainy,Highway,No,heavy
5,Wednesday,8:00 PM,108,55,2,32,197,Sunny,CityRoad,Yes,normal
5,Thursday,8:00 AM,280,92,10,15,397,Sunny,CityRoad,Yes,high
5,Thursday,10:00 AM,142,68,7,7,224,Foggy,CityRoad,No,normal
5,Thursday,12:00 PM,122,170,5,27,324,Foggy,NarrowRoad,Yes,high
5,Thursday,2:00 PM,111,155,14,13,293,Foggy,CityRoad,Yes,normal
5,Thursday,4:00 PM,68,227,7,5,307,Foggy,CityRoad,No,high
5,Thursday,6:00 PM,96,137,1,7,241,Sunny,Highway,Yes,normal
5,Thursday,8:00 PM,95,124,10,18,247,Rainy,CityRoad,Yes,normal
5,Friday,8:00 AM,313,166,13,30,522,Sunny,Highway,No,heavy
5,Friday,10:00 AM,392,204,11,15,622,Sunny,Highway,Yes,heavy
5,Friday,12:00 PM,116,150,4,12,282,Rainy,Highway,Yes,normal
5,Friday,2:00 PM,250,75,1,40,366,Sunny,Highway,No,high
5,Friday,4:00 PM,232,121,1,20,374,Rainy,CityRoad,Yes,high
5,Friday,6:00 PM,262,244,3,26,535,Foggy,CityRoad,No,heavy
5,Friday,8:00 PM,277,32,4,13,326,Foggy,NarrowRoad,Yes,high
5,Saturday,8:00 AM,355,164,11,23,553,Rainy,CityRoad,No,heavy
5,Saturday,10:00 AM,56,147,9,38,250,Foggy,CityRoad,No,normal
5,Saturday,12:00 PM,149,91,3,20,263,Foggy,CityRoad,No,normal
5,Saturday,2:00 PM,299,20,14,31,364,Rainy,CityRoad,No,high
5,Saturday,4:00 PM,288,51,11,43,393,Sunny,Highway,No,high
5,Saturday,6:00 PM,314,239,7,21,581,Sunny,CityRoad,Yes,heavy
5,Saturday,8:00 PM,199,191,13,36,439,Sunny,Highway,No,high
5,Sunday,8:00 AM,154,56,15,43,268,Rainy,CityRoad,Yes,normal
5,Sunday,10:00 AM,288,107,4,16,415,Sunny,NarrowRoad,No,high
5,Sunday,12:00 PM,385,93,4,12,494,Foggy,Highway,No,heavy
5,Sunday,2:00 PM,353,138,6,38,535,Sunny,NarrowRoad,Yes,heavy
5,Sunday,4:00 PM,65,196,5,45,311,Rainy,NarrowRoad,No,high
5,Sunday,6:00 PM,301,45,9,28,383,Foggy,CityRoad,Yes,high
5,Sunday,8:00 PM,148,91,10,19,268,Sunny,NarrowRoad,No,normal
6,Monday,8:00 AM,75,105,6,39,225,Sunny,CityRoad,No,normal
6,Monday,10:00 AM,97,244,6,39,386,Foggy,Highway,No,high
6,Monday,12:00 PM,196,143,5,24,368,Foggy,NarrowRoad,Yes,high
6,Monday,2:00 PM,103,73,3,41,220,Rainy,CityRoad,No,normal
6,Monday,4:00 PM,308,114,7,22,451,Rainy,Highway,Yes,heavy
6,Monday,6:00 PM,336,136,3,29,504,Sunny,CityRoad,Yes,heavy
6,Monday,8:00 PM,67,189,10,24,290,Sunny,CityRoad,Yes,normal
6,Tuesday,8:00 AM,94,188,13,20,315,Foggy,Highway,Yes,high
6,Tuesday,10:00 AM,210,120,7,38,375,Foggy,NarrowRoad,Yes,high
6,Tuesday,12:00 PM,345,97,4,37,483,Sunny,CityRoad,No,heavy
6,Tuesday,2:00 PM,85,38,3,28,154,Foggy,Highway,No,normal
6,Tuesday,4:00 PM,169,172,15,42,398,Rainy,NarrowRoad,Yes,high
6,Tuesday,6:00 PM,382,69,5,46,502,Sunny,Highway,Yes,heavy
6,Tuesday,8:00 PM,61,33,12,18,124,Foggy,Highway,Yes,low
6,Wednesday,8:00 AM,171,70,8,39,288,Sunny,Highway,No,normal
6,Wednesday,10:00 AM,193,36,8,9,246,Foggy,CityRoad,Yes,normal
6,Wednesday,12:00 PM,334,200,11,13,558,Rainy,NarrowRoad,Yes,heavy
6,Wednesday,2:00 PM,165,249,10,20,444,Rainy,CityRoad,No,high
6,Wednesday,4:00 PM,74,138,6,18,236,Rainy,CityRoad,No,normal
6,Wednesday,6:00 PM,94,82,13,36,225,Sunny,CityRoad,No,normal
6,Wednesday,8:00 PM,347,130,8,27,512,Sunny,Highway,No,heavy
6,Thursday,8:00 AM,240,140,15,41,436,Foggy,Highway,No,high
6,Thursday,10:00 AM,174,114,14,41,343,Rainy,NarrowRoad,No,high
6,Thursday,12:00 PM,261,211,9,31,512,Rainy,Highway,No,heavy
6,Thursday,2:00 PM,344,66,15,30,455,Rainy,Highway,No,heavy
6,Thursday,4:00 PM,296,149,13,23,481,Foggy,NarrowRoad,Yes,heavy
6,Thursday,6:00 PM,70,167,15,33,285,Rainy,CityRoad,Yes,normal
6,Thursday,8:00 PM,278,120,11,14,423,Foggy,NarrowRoad,Yes,high
6,Friday,8:00 AM,212,28,10,15,265,Foggy,NarrowRoad,Yes,normal
6,Friday,10:00 AM,115,219,1,34,369,Foggy,Highway,No,high
6,Friday,12:00 PM,328,155,1,9,493,Foggy,NarrowRoad,Yes,heavy
6,Friday,2:00 PM,122,65,13,39,239,Sunny,Highway,Yes,normal
6,Friday,4:00 PM,335,44,8,17,404,Rainy,NarrowRoad,No,high
6,Friday,6:00 PM,196,227,15,34,472,Sunny,NarrowRoad,No,heavy
6,Friday,8:00 PM,179,107,2,20,308,Foggy,NarrowRoad,No,high
6,Saturday,8:00 AM,283,75,14,50,422,Foggy,Highway,No,high
6,Saturday,10:00 AM,147,53,11,18,229,Rainy,Highway,Yes,normal
6,Saturday,12:00 PM,98,77,5,42,222,Foggy,NarrowRoad,No,normal
6,Saturday,2:00 PM,173,244,14,24,455,Rainy,NarrowRoad,No,heavy
6,Saturday,4:00 PM,143,56,15,16,230,Rainy,Highway,No,normal
6,Saturday,6:00 PM,78,164,15,17,274,Rainy,NarrowRoad,No,normal
6,Saturday,8:00 PM,213,25,10,9,257,Foggy,NarrowRoad,No,normal
6,Sunday,8:00 AM,356,171,4,13,544,Foggy,CityRoad,No,heavy
6,Sunday,10:00 AM,160,27,7,29,223,Rainy,NarrowRoad,No,normal
6,Sunday,12:00 PM,156,175,2,44,377,Foggy,CityRoad,Yes,high
6,Sunday,2:00 PM,295,155,3,25,478,Foggy,Highway,No,heavy
6,Sunday,4:00 PM,185,155,8,8,356,Foggy,Highway,No,high
6,Sunday,6:00 PM,194,215,9,7,425,Rainy,Highway,No,high
6,Sunday,8:00 PM,269,21,14,37,341,Sunny,Highway,Yes,high
7,Monday,8:00 AM,74,179,10,49,312,Rainy,CityRoad,Yes,high
7,Monday,10:00 AM,84,231,12,39,366,Rainy,Highway,No,high
7,Monday,12:00 PM,375,140,3,37,555,Sunny,CityRoad,Yes,heavy
7,Monday,2:00 PM,206,151,10,6,373,Sunny,Highway,Yes,high
7,Monday,4:00 PM,188,81,5,49,323,Rainy,NarrowRoad,No,high
7,Monday,6:00 PM,265,106,4,24,399,Sunny,NarrowRoad,No,high
7,Monday,8:00 PM,390,162,8,27,587,Sunny,Highway,Yes,heavy
7,Tuesday,8:00 AM,360,205,1,43,609,Rainy,NarrowRoad,Yes,heavy
7,Tuesday,10:00 AM,172,116,7,5,300,Sunny,Highway,Yes,high
7,Tuesday,12:00 PM,109,59,9,24,201,Foggy,NarrowRoad,Yes,normal
7,Tuesday,2:00 PM,52,215,13,10,290,Sunny,CityRoad,No,normal
7,Tuesday,4:00 PM,293,194,5,24,516,Foggy,NarrowRoad,No,heavy
7,Tuesday,6:00 PM,344,91,13,11,459,Rainy,CityRoad,No,heavy
7,Tuesday,8:00 PM,90,245,12,50,397,Sunny,CityRoad,Yes,high
7,Wednesday,8:00 AM,366,22,13,20,421,Foggy,Highway,Yes,high
7,Wednesday,10:00 AM,132,107,12,45,296,Rainy,Highway,Yes,normal
7,Wednesday,12:00 PM,313,127,10,16,466,Rainy,CityRoad,Yes,heavy
7,Wednesday,2:00 PM,270,72,2,31,375,Foggy,Highway,No,high
7,Wednesday,4:00 PM,368,223,10,47,648,Rainy,NarrowRoad,Yes,heavy
7,Wednesday,6:00 PM,111,29,15,36,191,Rainy,Highway,Yes,normal
7,Wednesday,8:00 PM,394,209,12,39,654,Rainy,CityRoad,Yes,heavy
7,Thursday,8:00 AM,230,175,14,49,468,Foggy,Highway,No,heavy
7,Thursday,10:00 AM,134,34,13,42,223,Foggy,Highway,No,normal
7,Thursday,12:00 PM,191,204,13,10,418,Sunny,Highway,Yes,high
7,Thursday,2:00 PM,71,121,9,14,215,Rainy,NarrowRoad,No,normal
7,Thursday,4:00 PM,379,227,6,26,638,Foggy,NarrowRoad,Yes,heavy
7,Thursday,6:00 PM,356,21,6,32,415,Sunny,CityRoad,Yes,high
7,Thursday,8:00 PM,253,81,13,29,376,Foggy,NarrowRoad,No,high
7,Friday,8:00 AM,247,25,13,38,323,Sunny,CityRoad,Yes,high
7,Friday,10:00 AM,345,175,13,42,575,Foggy,CityRoad,Yes,heavy
7,Friday,12:00 PM,66,185,13,9,273,Foggy,NarrowRoad,No,normal
7,Friday,2:00 PM,286,239,3,43,571,Foggy,Highway,Yes,heavy
7,Friday,4:00 PM,216,85,2,26,329,Rainy,NarrowRoad,No,high
7,Friday,6:00 PM,239,124,1,8,372,Rainy,Highway,No,high
7,Friday,8:00 PM,161,20,15,31,227,Sunny,Highway,No,normal
7,Saturday,8:00 AM,380,174,8,15,577,Foggy,CityRoad,No,heavy
7,Saturday,10:00 AM,231,143,10,29,413,Rainy,NarrowRoad,Yes,high
7,Saturday,12:00 PM,336,154,10,49,549,Sunny,CityRoad,Yes,heavy
7,Saturday,2:00 PM,217,190,13,10,430,Sunny,CityRoad,No,high
7,Saturday,4:00 PM,214,112,5,30,361,Sunny,CityRoad,Yes,high
7,Saturday,6:00 PM,251,68,8,37,364,Rainy,CityRoad,Yes,high
7,Saturday,8:00 PM,89,34,13,25,161,Sunny,Highway,Yes,normal
7,Sunday,8:00 AM,284,25,6,20,335,Foggy,NarrowRoad,Yes,high
7,Sunday,10:00 AM,396,158,14,33,601,Sunny,CityRoad,No,heavy
7,Sunday,12:00 PM,127,189,5,22,343,Sunny,NarrowRoad,Yes,high
7,Sunday,2:00 PM,214,248,6,31,499,Rainy,Highway,No,heavy
7,Sunday,4:00 PM,392,48,15,34,489,Rainy,NarrowRoad,No,heavy
7,Sunday,6:00 PM,64,68,6,20,158,Foggy,Highway,Yes,normal
7,Sunday,8:00 PM,65,97,12,50,224,Sunny,Highway,Yes,normal
8,Monday,8:00 AM,249,123,2,33,407,Foggy,Highway,Yes,high
8,Monday,10:00 AM,177,115,14,15,321,Foggy,Highway,No,high
8,Monday,12:00 PM,270,137,8,22,437,Rainy,CityRoad,No,high
8,Monday,2:00 PM,301,235,14,35,585,Sunny,CityRoad,Yes,heavy
8,Monday,4:00 PM,227,216,13,26,482,Sunny,NarrowRoad,No,heavy
8,Monday,6:00 PM,84,198,12,13,307,Sunny,NarrowRoad,Yes,high
8,Monday,8:00 PM,325,82,1,7,415,Sunny,CityRoad,Yes,high
8,Tuesday,8:00 AM,306,60,7,49,422,Rainy,CityRoad,No,high
8,Tuesday,10:00 AM,361,155,9,32,557,Rainy,Highway,Yes,heavy
8,Tuesday,12:00 PM,257,244,14,42,557,Sunny,CityRoad,Yes,heavy
8,Tuesday,2:00 PM,105,172,5,35,317,Sunny,CityRoad,No,high
8,Tuesday,4:00 PM,372,152,5,37,566,Sunny,NarrowRoad,Yes,heavy
8,Tuesday,6:00 PM,301,127,10,46,484,Foggy,CityRoad,No,heavy
8,Tuesday,8:00 PM,395,85,12,42,534,Rainy,NarrowRoad,No,heavy
8,Wednesday,8:00 AM,290,100,14,40,444,Foggy,Highway,No,high
8,Wednesday,10:00 AM,85,70,9,36,200,Rainy,Highway,No,normal
8,Wednesday,12:00 PM,112,67,13,29,221,Sunny,CityRoad,Yes,normal
8,Wednesday,2:00 PM,286,219,13,35,553,Rainy,CityRoad,No,heavy
8,Wednesday,4:00 PM,363,158,1,44,566,Foggy,NarrowRoad,Yes,heavy
8,Wednesday,6:00 PM,297,208,12,12,529,Sunny,NarrowRoad,No,heavy
8,Wednesday,8:00 PM,314,210,8,27,559,Sunny,NarrowRoad,No,heavy
8,Thursday,8:00 AM,263,111,7,44,425,Sunny,Highway,Yes,high
8,Thursday,10:00 AM,73,37,10,47,167,Foggy,CityRoad,No,normal
8,Thursday,12:00 PM,102,103,15,28,248,Rainy,CityRoad,No,normal
8,Thursday,2:00 PM,361,97,7,5,470,Foggy,NarrowRoad,No,heavy
8,Thursday,4:00 PM,132,46,3,30,211,Foggy,Highway,Yes,normal
8,Thursday,6:00 PM,172,190,6,31,399,Rainy,CityRoad,Yes,high
8,Thursday,8:00 PM,216,99,12,6,333,Rainy,Highway,Yes,high
8,Friday,8:00 AM,327,174,11,22,534,Rainy,Highway,No,heavy
8,Friday,10:00 AM,251,199,4,45,499,Rainy,NarrowRoad,Yes,heavy
8,Friday,12:00 PM,260,143,6,26,435,Sunny,NarrowRoad,Yes,high
8,Friday,2:00 PM,175,223,1,39,438,Sunny,CityRoad,No,high
8,Friday,4:00 PM,203,43,5,5,256,Rainy,NarrowRoad,No,normal
8,Friday,6:00 PM,330,217,14,17,578,Rainy,NarrowRoad,Yes,heavy
8,Friday,8:00 PM,255,63,13,22,353,Foggy,NarrowRoad,No,high
8,Saturday,8:00 AM,311,72,7,18,408,Foggy,NarrowRoad,Yes,high
8,Saturday,10:00 AM,51,127,11,18,207,Sunny,CityRoad,No,normal
8,Saturday,12:00 PM,260,104,8,25,397,Foggy,NarrowRoad,No,high
8,Saturday,2:00 PM,304,50,6,15,375,Foggy,CityRoad,Yes,high
8,Saturday,4:00 PM,227,174,4,34,439,Foggy,Highway,No,high
8,Saturday,6:00 PM,208,110,7,34,359,Sunny,NarrowRoad,Yes,high
8,Saturday,8:00 PM,232,77,11,21,341,Foggy,NarrowRoad,No,high
8,Sunday,8:00 AM,198,245,2,24,469,Foggy,Highway,Yes,heavy
8,Sunday,10:00 AM,100,186,4,44,334,Rainy,CityRoad,No,high
8,Sunday,12:00 PM,285,196,12,34,527,Rainy,CityRoad,Yes,heavy
8,Sunday,2:00 PM,84,33,1,42,160,Rainy,NarrowRoad,No,normal
8,Sunday,4:00 PM,95,249,9,42,395,Rainy,Highway,No,high
8,Sunday,6:00 PM,293,48,12,24,377,Rainy,CityRoad,No,high
8,Sunday,8:00 PM,333,120,4,45,502,Foggy,Highway,Yes,heavy
9,Monday,8:00 AM,397,69,8,39,513,Foggy,NarrowRoad,Yes,heavy
9,Monday,10:00 AM,178,187,1,17,383,Foggy,NarrowRoad,No,high
9,Monday,12:00 PM,80,44,14,36,174,Sunny,CityRoad,Yes,normal
9,Monday,2:00 PM,390,75,7,24,496,Foggy,NarrowRoad,Yes,heavy
9,Monday,4:00 PM,382,107,3,50,542,Foggy,NarrowRoad,No,heavy
9,Monday,6:00 PM,299,116,7,10,432,Rainy,CityRoad,No,high
9,Monday,8:00 PM,367,164,14,28,573,Rainy,CityRoad,Yes,heavy
9,Tuesday,8:00 AM,158,168,4,35,365,Rainy,NarrowRoad,Yes,high
9,Tuesday,10:00 AM,400,114,6,17,537,Foggy,CityRoad,Yes,heavy
9,Tuesday,12:00 PM,321,169,10,14,514,Sunny,Highway,Yes,heavy
9,Tuesday,2:00 PM,80,249,15,24,368,Rainy,Highway,Yes,high
9,Tuesday,4:00 PM,97,71,14,47,229,Sunny,CityRoad,No,normal
9,Tuesday,6:00 PM,162,70,11,12,255,Foggy,Highway,Yes,normal
9,Tuesday,8:00 PM,240,70,2,14,326,Sunny,Highway,No,high
9,Wednesday,8:00 AM,380,151,10,23,564,Sunny,CityRoad,Yes,heavy
9,Wednesday,10:00 AM,332,177,15,12,536,Sunny,CityRoad,No,heavy
9,Wednesday,12:00 PM,78,244,5,11,338,Sunny,Highway,No,high
9,Wednesday,2:00 PM,292,227,8,20,547,Rainy,CityRoad,Yes,heavy
9,Wednesday,4:00 PM,126,234,6,13,379,Foggy,NarrowRoad,Yes,high
9,Wednesday,6:00 PM,303,119,2,37,461,Foggy,NarrowRoad,Yes,heavy
9,Wednesday,8:00 PM,53,138,11,22,224,Sunny,NarrowRoad,Yes,normal
9,Thursday,8:00 AM,213,163,10,5,391,Foggy,CityRoad,No,high
9,Thursday,10:00 AM,372,145,1,32,550,Rainy,Highway,Yes,heavy
9,Thursday,12:00 PM,182,127,8,40,357,Foggy,Highway,Yes,high
9,Thursday,2:00 PM,144,82,3,22,251,Foggy,Highway,No,normal
9,Thursday,4:00 PM,343,83,15,49,490,Sunny,NarrowRoad,No,heavy
9,Thursday,6:00 PM,86,96,4,14,200,Foggy,CityRoad,Yes,normal
9,Thursday,8:00 PM,104,69,6,18,197,Sunny,Highway,Yes,normal
9,Friday,8:00 AM,202,89,15,10,316,Sunny,Highway,No,high
9,Friday,10:00 AM,358,104,15,8,485,Foggy,Highway,Yes,heavy
9,Friday,12:00 PM,373,228,5,34,640,Rainy,NarrowRoad,Yes,heavy
9,Friday,2:00 PM,348,77,1,49,475,Foggy,Highway,Yes,heavy
9,Friday,4:00 PM,137,191,12,18,358,Foggy,NarrowRoad,Yes,high
9,Friday,6:00 PM,143,54,4,34,235,Sunny,Highway,Yes,normal
9,Friday,8:00 PM,378,246,9,31,664,Foggy,NarrowRoad,Yes,heavy
9,Saturday,8:00 AM,244,35,1,12,292,Rainy,CityRoad,No,normal
9,Saturday,10:00 AM,367,195,8,10,580,Foggy,CityRoad,No,heavy
9,Saturday,12:00 PM,349,100,2,44,495,Rainy,NarrowRoad,No,heavy
9,Saturday,2:00 PM,170,136,10,25,341,Sunny,NarrowRoad,Yes,high
9,Saturday,4:00 PM,168,58,4,46,276,Foggy,CityRoad,Yes,normal
9,Saturday,6:00 PM,231,180,10,33,454,Foggy,CityRoad,Yes,heavy
9,Saturday,8:00 PM,209,238,12,34,493,Rainy,CityRoad,No,heavy
9,Sunday,8:00 AM,147,136,6,16,305,Foggy,Highway,Yes,high
9,Sunday,10:00 AM,254,190,6,31,481,Rainy,NarrowRoad,No,heavy
9,Sunday,12:00 PM,288,67,14,5,374,Sunny,NarrowRoad,Yes,high
9,Sunday,2:00 PM,82,100,6,35,223,Rainy,Highway,No,normal
9,Sunday,4:00 PM,360,164,4,23,551,Sunny,NarrowRoad,Yes,heavy
9,Sunday,6:00 PM,108,215,12,6,341,Rainy,CityRoad,No,high
9,Sunday,8:00 PM,205,131,3,21,360,Foggy,CityRoad,Yes,high
10,Monday,8:00 AM,206,41,7,10,264,Rainy,NarrowRoad,No,normal
10,Monday,10:00 AM,272,217,15,46,550,Foggy,Highway,Yes,heavy
10,Monday,12:00 PM,291,205,8,43,547,Sunny,CityRoad,Yes,heavy
10,Monday,2:00 PM,315,200,10,46,571,Foggy,NarrowRoad,Yes,heavy
10,Monday,4:00 PM,167,100,13,44,324,Foggy,NarrowRoad,Yes,high
10,Monday,6:00 PM,104,166,15,25,310,Sunny,NarrowRoad,Yes,high
10,Monday,8:00 PM,187,122,14,38,361,Foggy,NarrowRoad,Yes,high
10,Tuesday,8:00 AM,53,88,12,36,189,Foggy,Highway,Yes,normal
10,Tuesday,10:00 AM,168,111,8,43,330,Rainy,NarrowRoad,No,high
10,Tuesday,12:00 PM,306,197,14,46,563,Foggy,NarrowRoad,No,heavy
10,Tuesday,2:00 PM,294,120,10,7,431,Sunny,Highway,Yes,high
10,Tuesday,4:00 PM,294,121,3,27,445,Foggy,NarrowRoad,No,high
10,Tuesday,6:00 PM,396,198,1,27,622,Sunny,CityRoad,No,heavy
10,Tuesday,8:00 PM,380,50,11,9,450,Rainy,NarrowRoad,Yes,heavy
10,Wednesday,8:00 AM,354,144,8,29,535,Rainy,CityRoad,No,heavy
10,Wednesday,10:00 AM,69,29,5,46,149,Foggy,NarrowRoad,No,low
10,Wednesday,12:00 PM,281,216,10,44,551,Foggy,CityRoad,Yes,heavy
10,Wednesday,2:00 PM,67,233,5,36,341,Rainy,CityRoad,No,high
10,Wednesday,4:00 PM,317,164,8,47,536,Rainy,CityRoad,No,heavy
10,Wednesday,6:00 PM,221,50,6,9,286,Foggy,CityRoad,No,normal
10,Wednesday,8:00 PM,288,139,4,13,444,Foggy,NarrowRoad,Yes,high
10,Thursday,8:00 AM,280,74,8,19,381,Foggy,Highway,Yes,high
10,Thursday,10:00 AM,312,157,8,26,503,Rainy,Highway,Yes,heavy
10,Thursday,12:00 PM,127,214,11,16,368,Rainy,NarrowRoad,No,high
10,Thursday,2:00 PM,385,49,1,26,461,Sunny,Highway,No,heavy
10,Thursday,4:00 PM,152,250,8,22,432,Rainy,Highway,No,high
10,Thursday,6:00 PM,297,32,9,32,370,Rainy,NarrowRoad,Yes,high
10,Thursday,8:00 PM,165,70,7,46,288,Foggy,NarrowRoad,No,normal
10,Friday,8:00 AM,149,70,14,47,280,Sunny,CityRoad,No,normal
10,Friday,10:00 AM,361,60,5,37,463,Sunny,Highway,Yes,heavy
10,Friday,12:00 PM,227,86,6,39,358,Foggy,Highway,No,high
10,Friday,2:00 PM,335,161,8,22,526,Rainy,NarrowRoad,Yes,heavy
10,Friday,4:00 PM,374,73,9,41,497,Sunny,CityRoad,Yes,heavy
10,Friday,6:00 PM,104,67,13,24,208,Foggy,Highway,Yes,normal
10,Friday,8:00 PM,319,79,2,28,428,Sunny,Highway,No,high
10,Saturday,8:00 AM,267,56,2,19,344,Foggy,Highway,No,high
10,Saturday,10:00 AM,242,223,13,9,487,Foggy,Highway,No,heavy
10,Saturday,12:00 PM,79,203,8,14,304,Rainy,CityRoad,No,high
10,Saturday,2:00 PM,400,101,10,34,545,Rainy,NarrowRoad,Yes,heavy
10,Saturday,4:00 PM,286,138,15,5,444,Rainy,NarrowRoad,Yes,high
10,Saturday,6:00 PM,287,98,5,27,417,Sunny,CityRoad,Yes,high
10,Saturday,8:00 PM,63,173,14,22,272,Sunny,Highway,No,normal
10,Sunday,8:00 AM,194,93,14,37,338,Foggy,NarrowRoad,Yes,high
10,Sunday,10:00 AM,85,247,7,34,373,Foggy,NarrowRoad,No,high
10,Sunday,12:00 PM,379,206,13,13,611,Sunny,NarrowRoad,Yes,heavy
10,Sunday,2:00 PM,55,65,13,25,158,Sunny,Highway,No,normal
10,Sunday,4:00 PM,395,50,8,8,461,Foggy,Highway,No,heavy
10,Sunday,6:00 PM,53,210,5,21,289,Foggy,NarrowRoad,No,normal
10,Sunday,8:00 PM,74,68,14,37,193,Rainy,CityRoad,Yes,normal
11,Monday,8:00 AM,346,38,10,34,428,Foggy,CityRoad,Yes,high
11,Monday,10:00 AM,187,34,1,23,245,Foggy,CityRoad,No,normal
11,Monday,12:00 PM,126,178,3,20,327,Rainy,NarrowRoad,No,high
11,Monday,2:00 PM,210,102,13,8,333,Rainy,Highway,No,high
11,Monday,4:00 PM,76,60,13,17,166,Foggy,CityRoad,Yes,normal
11,Monday,6:00 PM,100,121,10,44,275,Rainy,Highway,Yes,normal
11,Monday,8:00 PM,77,39,15,13,144,Rainy,NarrowRoad,No,low
11,Tuesday,8:00 AM,156,203,4,29,392,Foggy,NarrowRoad,Yes,high
11,Tuesday,10:00 AM,87,165,10,36,298,Sunny,CityRoad,No,normal
11,Tuesday,12:00 PM,63,104,10,13,190,Rainy,Highway,Yes,normal
11,Tuesday,2:00 PM,270,31,7,5,313,Foggy,CityRoad,Yes,high
11,Tuesday,4:00 PM,277,91,15,14,397,Sunny,Highway,Yes,high
11,Tuesday,6:00 PM,251,210,14,12,487,Sunny,Highway,Yes,heavy
11,Tuesday,8:00 PM,376,174,15,36,601,Rainy,CityRoad,No,heavy
11,Wednesday,8:00 AM,55,246,9,46,356,Foggy,Highway,Yes,high
11,Wednesday,10:00 AM,162,246,8,21,437,Rainy,NarrowRoad,Yes,high
11,Wednesday,12:00 PM,313,68,10,11,402,Foggy,Highway,Yes,high
11,Wednesday,2:00 PM,104,249,15,17,385,Rainy,NarrowRoad,No,high
11,Wednesday,4:00 PM,294,194,10,20,518,Foggy,Highway,No,heavy
11,Wednesday,6:00 PM,169,96,14,27,306,Sunny,CityRoad,No,high
11,Wednesday,8:00 PM,254,205,6,29,494,Sunny,NarrowRoad,Yes,heavy
11,Thursday,8:00 AM,58,211,15,12,296,Foggy,NarrowRoad,No,normal
11,Thursday,10:00 AM,211,123,10,39,383,Sunny,CityRoad,No,high
11,Thursday,12:00 PM,346,44,2,35,427,Foggy,NarrowRoad,No,high
11,Thursday,2:00 PM,331,164,8,13,516,Rainy,Highway,No,heavy
11,Thursday,4:00 PM,147,119,1,33,300,Foggy,Highway,Yes,high
11,Thursday,6:00 PM,131,143,15,25,314,Rainy,NarrowRoad,No,high
11,Thursday,8:00 PM,370,162,9,49,590,Rainy,Highway,No,heavy
11,Friday,8:00 AM,197,128,9,36,370,Sunny,Highway,No,high
11,Friday,10:00 AM,315,108,1,29,453,Foggy,NarrowRoad,No,heavy
11,Friday,12:00 PM,251,176,5,38,470,Rainy,Highway,No,heavy
11,Friday,2:00 PM,74,38,8,5,125,Foggy,NarrowRoad,No,low
11,Friday,4:00 PM,83,208,2,44,337,Rainy,Highway,No,high
11,Friday,6:00 PM,57,54,7,30,148,Sunny,NarrowRoad,No,low
11,Friday,8:00 PM,180,199,2,31,412,Foggy,NarrowRoad,No,high
11,Saturday,8:00 AM,205,136,10,42,393,Foggy,Highway,Yes,high
11,Saturday,10:00 AM,94,220,5,38,357,Rainy,Highway,No,high
11,Saturday,12:00 PM,325,163,12,8,508,Rainy,NarrowRoad,Yes,heavy
11,Saturday,2:00 PM,276,51,11,30,368,Sunny,NarrowRoad,Yes,high
11,Saturday,4:00 PM,191,95,9,10,305,Sunny,NarrowRoad,No,high
11,Saturday,6:00 PM,170,119,12,48,349,Rainy,CityRoad,Yes,high
11,Saturday,8:00 PM,310,26,4,23,363,Sunny,CityRoad,Yes,high
11,Sunday,8:00 AM,365,236,14,40,655,Sunny,NarrowRoad,No,heavy
11,Sunday,10:00 AM,291,162,15,35,503,Rainy,NarrowRoad,No,heavy
11,Sunday,12:00 PM,54,165,15,18,252,Rainy,CityRoad,No,normal
11,Sunday,2:00 PM,289,146,10,6,451,Sunny,NarrowRoad,Yes,heavy
11,Sunday,4:00 PM,94,176,5,40,315,Rainy,CityRoad,No,high
11,Sunday,6:00 PM,233,235,7,29,504,Foggy,Highway,Yes,heavy
11,Sunday,8:00 PM,312,36,13,6,367,Sunny,NarrowRoad,No,high
12,Monday,8:00 AM,58,196,11,33,298,Foggy,NarrowRoad,No,normal
12,Monday,10:00 AM,257,34,8,16,315,Rainy,CityRoad,No,high
12,Monday,12:00 PM,55,37,2,27,121,Sunny,CityRoad,No,low
12,Monday,2:00 PM,249,103,8,8,368,Foggy,CityRoad,No,high
12,Monday,4:00 PM,287,174,11,39,511,Rainy,CityRoad,Yes,heavy
12,Monday,6:00 PM,313,97,3,8,421,Sunny,CityRoad,Yes,high
12,Monday,8:00 PM,180,127,14,28,349,Rainy,Highway,No,high
12,Tuesday,8:00 AM,75,129,5,42,251,Sunny,CityRoad,Yes,normal
12,Tuesday,10:00 AM,80,190,13,45,328,Rainy,Highway,Yes,high
12,Tuesday,12:00 PM,348,174,14,41,577,Foggy,Highway,Yes,heavy
12,Tuesday,2:00 PM,87,187,8,41,323,Foggy,NarrowRoad,Yes,high
12,Tuesday,4:00 PM,281,213,5,16,515,Sunny,NarrowRoad,No,heavy
12,Tuesday,6:00 PM,108,101,1,28,238,Sunny,CityRoad,No,normal
12,Tuesday,8:00 PM,333,81,6,49,469,Rainy,CityRoad,Yes,heavy
12,Wednesday,8:00 AM,140,139,8,44,331,Foggy,NarrowRoad,Yes,high
12,Wednesday,10:00 AM,69,132,11,6,218,Sunny,CityRoad,No,normal
12,Wednesday,12:00 PM,205,126,13,10,354,Sunny,NarrowRoad,Yes,high
12,Wednesday,2:00 PM,286,209,3,5,503,Rainy,CityRoad,No,heavy
12,Wednesday,4:00 PM,266,168,15,34,483,Foggy,CityRoad,Yes,heavy
12,Wednesday,6:00 PM,328,197,10,17,552,Foggy,Highway,No,heavy
12,Wednesday,8:00 PM,57,21,5,42,125,Sunny,Highway,No,low
12,Thursday,8:00 AM,202,69,5,27,303,Sunny,NarrowRoad,Yes,high
12,Thursday,10:00 AM,276,113,7,21,417,Sunny,Highway,Yes,high
12,Thursday,12:00 PM,336,59,15,38,448,Rainy,CityRoad,No,high
12,Thursday,2:00 PM,305,179,12,7,503,Foggy,CityRoad,No,heavy
12,Thursday,4:00 PM,124,175,6,9,314,Sunny,CityRoad,No,high
12,Thursday,6:00 PM,68,152,11,48,279,Foggy,CityRoad,No,normal
12,Thursday,8:00 PM,249,39,5,26,319,Rainy,NarrowRoad,Yes,high
12,Friday,8:00 AM,281,225,15,14,535,Foggy,CityRoad,Yes,heavy
12,Friday,10:00 AM,326,120,13,24,483,Sunny,CityRoad,Yes,heavy
12,Friday,12:00 PM,58,64,12,6,140,Rainy,CityRoad,Yes,low
12,Friday,2:00 PM,175,63,15,35,288,Sunny,CityRoad,Yes,normal
12,Friday,4:00 PM,150,142,5,47,344,Rainy,NarrowRoad,No,high
12,Friday,6:00 PM,106,193,15,49,363,Sunny,NarrowRoad,No,high
12,Friday,8:00 PM,296,60,7,37,400,Sunny,CityRoad,Yes,high
12,Saturday,8:00 AM,98,129,15,50,292,Sunny,Highway,Yes,normal
12,Saturday,10:00 AM,56,180,4,7,247,Rainy,CityRoad,No,normal
12,Saturday,12:00 PM,87,180,15,28,310,Sunny,NarrowRoad,No,high
12,Saturday,2:00 PM,372,118,11,30,531,Rainy,CityRoad,Yes,heavy
12,Saturday,4:00 PM,110,162,11,29,312,Foggy,CityRoad,No,high
12,Saturday,6:00 PM,337,130,9,15,491,Foggy,NarrowRoad,Yes,heavy
12,Saturday,8:00 PM,160,31,10,39,240,Sunny,Highway,No,normal
12,Sunday,8:00 AM,191,73,7,30,301,Rainy,NarrowRoad,No,high
12,Sunday,10:00 AM,133,89,5,31,258,Foggy,NarrowRoad,Yes,normal
12,Sunday,12:00 PM,361,195,15,13,584,Foggy,NarrowRoad,No,heavy
12,Sunday,2:00 PM,73,223,7,44,347,Foggy,Highway,Yes,high
12,Sunday,4:00 PM,57,142,3,27,229,Sunny,Highway,Yes,normal
12,Sunday,6:00 PM,229,45,11,45,330,Rainy,Highway,No,high
12,Sunday,8:00 PM,211,248,9,45,513,Sunny,NarrowRoad,Yes,heavy
13,Monday,8:00 AM,230,23,13,29,295,Sunny,NarrowRoad,Yes,normal
13,Monday,10:00 AM,159,196,5,30,390,Foggy,Highway,Yes,high
13,Monday,12:00 PM,312,22,3,49,386,Sunny,CityRoad,Yes,high
13,Monday,2:00 PM,111,25,7,8,151,Foggy,CityRoad,Yes,normal
13,Monday,4:00 PM,137,187,9,11,344,Foggy,NarrowRoad,No,high
13,Monday,6:00 PM,218,116,8,50,392,Sunny,CityRoad,No,high
13,Monday,8:00 PM,122,141,15,11,289,Sunny,NarrowRoad,Yes,normal
13,Tuesday,8:00 AM,378,210,7,49,644,Foggy,Highway,Yes,heavy
13,Tuesday,10:00 AM,252,66,4,36,358,Rainy,Highway,Yes,high
13,Tuesday,12:00 PM,97,44,14,11,166,Sunny,NarrowRoad,Yes,normal
13,Tuesday,2:00 PM,248,206,14,15,483,Foggy,NarrowRoad,Yes,heavy
13,Tuesday,4:00 PM,202,225,4,7,438,Rainy,CityRoad,Yes,high
13,Tuesday,6:00 PM,272,169,14,40,495,Foggy,CityRoad,Yes,heavy
13,Tuesday,8:00 PM,361,85,15,23,484,Rainy,CityRoad,Yes,heavy
13,Wednesday,8:00 AM,253,163,14,41,471,Foggy,CityRoad,Yes,heavy
13,Wednesday,10:00 AM,220,164,11,22,417,Rainy,CityRoad,No,high
13,Wednesday,12:00 PM,177,202,10,17,406,Foggy,CityRoad,No,high
13,Wednesday,2:00 PM,261,157,10,33,461,Sunny,NarrowRoad,No,heavy
13,Wednesday,4:00 PM,204,84,12,26,326,Foggy,NarrowRoad,Yes,high
13,Wednesday,6:00 PM,200,25,14,50,289,Sunny,NarrowRoad,No,normal
13,Wednesday,8:00 PM,228,65,15,42,350,Sunny,CityRoad,No,high
13,Thursday,8:00 AM,120,171,6,34,331,Sunny,Highway,No,high
13,Thursday,10:00 AM,165,139,13,26,343,Foggy,Highway,No,high
13,Thursday,12:00 PM,135,119,4,15,273,Sunny,NarrowRoad,No,normal
13,Thursday,2:00 PM,273,76,12,9,370,Sunny,CityRoad,Yes,high
13,Thursday,4:00 PM,201,126,1,30,358,Sunny,Highway,Yes,high
13,Thursday,6:00 PM,375,84,5,26,490,Foggy,CityRoad,No,heavy
13,Thursday,8:00 PM,94,40,14,39,187,Sunny,Highway,No,normal
13,Friday,8:00 AM,243,105,5,6,359,Foggy,NarrowRoad,Yes,high
13,Friday,10:00 AM,344,200,6,38,588,Foggy,CityRoad,Yes,heavy
13,Friday,12:00 PM,267,46,13,35,361,Foggy,CityRoad,No,high
13,Friday,2:00 PM,201,143,13,32,389,Rainy,Highway,No,high
13,Friday,4:00 PM,54,181,8,25,268,Sunny,CityRoad,No,normal
13,Friday,6:00 PM,146,121,13,41,321,Sunny,CityRoad,Yes,high
13,Friday,8:00 PM,237,192,14,46,489,Sunny,NarrowRoad,No,heavy
13,Saturday,8:00 AM,83,64,15,22,184,Rainy,NarrowRoad,No,normal
13,Saturday,10:00 AM,267,74,3,44,388,Sunny,Highway,Yes,high
13,Saturday,12:00 PM,373,203,14,45,635,Rainy,CityRoad,No,heavy
13,Saturday,2:00 PM,112,173,11,47,343,Sunny,Highway,Yes,high
13,Saturday,4:00 PM,94,128,15,33,270,Sunny,NarrowRoad,Yes,normal
13,Saturday,6:00 PM,70,32,6,44,152,Sunny,Highway,Yes,normal
13,Saturday,8:00 PM,260,144,7,44,455,Foggy,Highway,No,heavy
13,Sunday,8:00 AM,320,172,15,22,529,Sunny,NarrowRoad,No,heavy
13,Sunday,10:00 AM,118,218,10,34,380,Sunny,NarrowRoad,Yes,high
13,Sunday,12:00 PM,374,146,12,22,554,Sunny,Highway,Yes,heavy
13,Sunday,2:00 PM,292,177,3,36,508,Foggy,NarrowRoad,No,heavy
13,Sunday,4:00 PM,319,200,2,31,552,Sunny,NarrowRoad,No,heavy
13,Sunday,6:00 PM,188,232,10,45,475,Foggy,NarrowRoad,Yes,heavy
13,Sunday,8:00 PM,363,80,14,49,506,Sunny,Highway,No,heavy
14,Monday,8:00 AM,333,134,3,44,514,Sunny,CityRoad,No,heavy
14,Monday,10:00 AM,273,137,11,7,428,Foggy,CityRoad,No,high
14,Monday,12:00 PM,316,245,2,7,570,Rainy,CityRoad,No,heavy
14,Monday,2:00 PM,152,38,13,37,240,Sunny,Highway,No,normal
14,Monday,4:00 PM,120,56,13,16,205,Foggy,NarrowRoad,Yes,normal
14,Monday,6:00 PM,131,74,8,26,239,Sunny,Highway,Yes,normal
14,Monday,8:00 PM,219,86,2,42,349,Sunny,CityRoad,Yes,high
14,Tuesday,8:00 AM,302,117,8,37,464,Foggy,NarrowRoad,Yes,heavy
14,Tuesday,10:00 AM,383,98,1,34,516,Sunny,NarrowRoad,No,heavy
14,Tuesday,12:00 PM,349,105,8,17,479,Sunny,CityRoad,Yes,heavy
14,Tuesday,2:00 PM,86,54,13,7,160,Foggy,Highway,No,normal
14,Tuesday,4:00 PM,178,191,9,6,384,Foggy,NarrowRoad,Yes,high
14,Tuesday,6:00 PM,275,192,14,31,512,Sunny,NarrowRoad,Yes,heavy
14,Tuesday,8:00 PM,226,247,2,39,514,Foggy,Highway,Yes,heavy
14,Wednesday,8:00 AM,320,205,9,38,572,Foggy,Highway,No,heavy
14,Wednesday,10:00 AM,190,195,3,33,421,Foggy,CityRoad,Yes,high
14,Wednesday,12:00 PM,180,208,7,31,426,Rainy,CityRoad,No,high
14,Wednesday,2:00 PM,384,225,13,29,651,Foggy,CityRoad,No,heavy
14,Wednesday,4:00 PM,180,248,12,19,459,Sunny,NarrowRoad,Yes,heavy
14,Wednesday,6:00 PM,197,78,4,7,286,Rainy,Highway,Yes,normal
14,Wednesday,8:00 PM,235,81,1,13,330,Rainy,Highway,Yes,high
14,Thursday,8:00 AM,115,94,10,13,232,Foggy,NarrowRoad,Yes,normal
14,Thursday,10:00 AM,69,73,3,39,184,Foggy,CityRoad,No,normal
14,Thursday,12:00 PM,264,132,15,28,439,Rainy,Highway,Yes,high
14,Thursday,2:00 PM,57,62,2,31,152,Sunny,CityRoad,Yes,normal
14,Thursday,4:00 PM,231,190,3,10,434,Foggy,Highway,No,high
14,Thursday,6:00 PM,275,34,11,11,331,Rainy,Highway,Yes,high
14,Thursday,8:00 PM,133,152,8,7,300,Foggy,CityRoad,No,high
14,Friday,8:00 AM,160,102,13,6,281,Rainy,CityRoad,Yes,normal
14,Friday,10:00 AM,299,152,12,5,468,Foggy,NarrowRoad,No,heavy
14,Friday,12:00 PM,366,232,12,49,659,Foggy,NarrowRoad,Yes,heavy
14,Friday,2:00 PM,356,204,4,31,595,Sunny,Highway,No,heavy
14,Friday,4:00 PM,83,198,2,21,304,Sunny,NarrowRoad,Yes,high
14,Friday,6:00 PM,265,41,3,41,350,Rainy,CityRoad,No,high
14,Friday,8:00 PM,136,155,9,21,321,Foggy,Highway,Yes,high
14,Saturday,8:00 AM,323,197,2,19,541,Rainy,CityRoad,Yes,heavy
14,Saturday,10:00 AM,274,191,13,24,502,Rainy,NarrowRoad,Yes,heavy
14,Saturday,12:00 PM,62,180,1,36,279,Foggy,NarrowRoad,No,normal
14,Saturday,2:00 PM,164,66,6,38,274,Rainy,NarrowRoad,No,normal
14,Saturday,4:00 PM,357,138,3,14,512,Rainy,NarrowRoad,No,heavy
14,Saturday,6:00 PM,365,176,9,45,595,Rainy,Highway,Yes,heavy
14,Saturday,8:00 PM,375,145,13,18,551,Rainy,Highway,No,heavy
14,Sunday,8:00 AM,154,85,13,43,295,Sunny,NarrowRoad,No,normal
14,Sunday,10:00 AM,355,88,10,42,495,Foggy,NarrowRoad,Yes,heavy
14,Sunday,12:00 PM,322,170,5,44,541,Foggy,NarrowRoad,Yes,heavy
14,Sunday,2:00 PM,276,243,15,29,563,Foggy,NarrowRoad,No,heavy
14,Sunday,4:00 PM,81,32,9,35,157,Sunny,Highway,No,normal
14,Sunday,6:00 PM,196,137,12,45,390,Rainy,Highway,No,high
14,Sunday,8:00 PM,382,203,9,36,630,Rainy,CityRoad,Yes,heavy
15,Monday,8:00 AM,84,101,9,40,234,Sunny,CityRoad,No,normal
15,Monday,10:00 AM,138,71,14,24,247,Sunny,NarrowRoad,No,normal
15,Monday,12:00 PM,383,47,8,26,464,Sunny,NarrowRoad,No,heavy
15,Monday,2:00 PM,108,79,9,47,243,Foggy,Highway,No,normal
15,Monday,4:00 PM,89,236,2,47,374,Sunny,CityRoad,No,high
15,Monday,6:00 PM,360,82,1,44,487,Foggy,Highway,No,heavy
15,Monday,8:00 PM,234,214,3,27,478,Rainy,NarrowRoad,Yes,heavy
15,Tuesday,8:00 AM,349,231,14,15,609,Foggy,Highway,No,heavy
15,Tuesday,10:00 AM,169,219,2,43,433,Foggy,NarrowRoad,Yes,high
15,Tuesday,12:00 PM,392,168,11,42,613,Foggy,CityRoad,Yes,heavy
15,Tuesday,2:00 PM,91,39,5,31,166,Sunny,NarrowRoad,No,normal
15,Tuesday,4:00 PM,138,88,7,50,283,Rainy,CityRoad,Yes,normal
15,Tuesday,6:00 PM,292,115,6,28,441,Rainy,Highway,Yes,high
15,Tuesday,8:00 PM,244,174,6,20,444,Rainy,CityRoad,Yes,high
15,Wednesday,8:00 AM,133,85,2,37,257,Sunny,Highway,Yes,normal
15,Wednesday,10:00 AM,224,74,3,43,344,Rainy,CityRoad,Yes,high
15,Wednesday,12:00 PM,253,153,4,49,459,Foggy,Highway,No,heavy
15,Wednesday,2:00 PM,122,185,12,48,367,Sunny,NarrowRoad,No,high
15,Wednesday,4:00 PM,283,222,10,13,528,Sunny,Highway,No,heavy
15,Wednesday,6:00 PM,377,170,1,6,554,Sunny,Highway,Yes,heavy
15,Wednesday,8:00 PM,334,229,5,48,616,Foggy,NarrowRoad,Yes,heavy
15,Thursday,8:00 AM,163,155,10,17,345,Foggy,Highway,Yes,high
15,Thursday,10:00 AM,345,128,14,12,499,Sunny,Highway,Yes,heavy
15,Thursday,12:00 PM,207,53,13,6,279,Foggy,NarrowRoad,Yes,normal
15,Thursday,2:00 PM,50,177,11,6,244,Foggy,NarrowRoad,Yes,normal
15,Thursday,4:00 PM,104,59,12,38,213,Rainy,CityRoad,No,normal
15,Thursday,6:00 PM,218,125,10,33,386,Sunny,CityRoad,Yes,high
15,Thursday,8:00 PM,89,193,5,32,319,Sunny,Highway,No,high
15,Friday,8:00 AM,282,157,7,14,460,Foggy,CityRoad,Yes,heavy
15,Friday,10:00 AM,272,162,5,14,453,Foggy,NarrowRoad,Yes,heavy
15,Friday,12:00 PM,311,197,5,21,534,Foggy,CityRoad,No,heavy
15,Friday,2:00 PM,327,171,11,48,557,Sunny,NarrowRoad,No,heavy
15,Friday,4:00 PM,327,148,8,46,529,Rainy,NarrowRoad,No,heavy
15,Friday,6:00 PM,214,226,3,27,470,Foggy,CityRoad,Yes,heavy
15,Friday,8:00 PM,157,176,7,25,365,Foggy,Highway,No,high
15,Saturday,8:00 AM,102,111,2,39,254,Rainy,CityRoad,No,normal
15,Saturday,10:00 AM,235,197,9,39,480,Foggy,Highway,No,heavy
15,Saturday,12:00 PM,183,223,12,43,461,Foggy,NarrowRoad,Yes,heavy
15,Saturday,2:00 PM,82,234,11,31,358,Sunny,NarrowRoad,Yes,high
15,Saturday,4:00 PM,216,192,3,19,430,Foggy,NarrowRoad,Yes,high
15,Saturday,6:00 PM,203,189,10,12,414,Sunny,CityRoad,Yes,high
15,Saturday,8:00 PM,143,108,12,22,285,Rainy,NarrowRoad,Yes,normal
15,Sunday,8:00 AM,225,26,10,18,279,Sunny,NarrowRoad,Yes,normal
15,Sunday,10:00 AM,198,208,9,24,439,Foggy,NarrowRoad,No,high
15,Sunday,12:00 PM,393,192,14,5,604,Sunny,CityRoad,Yes,heavy
15,Sunday,2:00 PM,175,186,15,50,426,Rainy,Highway,Yes,high
15,Sunday,4:00 PM,223,64,14,46,347,Foggy,Highway,Yes,high
15,Sunday,6:00 PM,297,132,15,24,468,Rainy,NarrowRoad,No,heavy
15,Sunday,8:00 PM,378,69,12,32,491,Foggy,Highway,Yes,heavy
16,Monday,8:00 AM,362,117,4,37,520,Foggy,CityRoad,No,heavy
16,Monday,10:00 AM,364,112,4,32,512,Sunny,CityRoad,Yes,heavy
16,Monday,12:00 PM,399,22,13,35,469,Foggy,CityRoad,No,heavy
16,Monday,2:00 PM,374,81,3,39,497,Sunny,CityRoad,Yes,heavy
16,Monday,4:00 PM,70,242,10,38,360,Rainy,Highway,Yes,high
16,Monday,6:00 PM,367,195,1,33,596,Sunny,Highway,No,heavy
16,Monday,8:00 PM,61,228,14,39,342,Foggy,NarrowRoad,No,high
16,Tuesday,8:00 AM,204,169,8,39,420,Rainy,CityRoad,Yes,high
16,Tuesday,10:00 AM,333,127,7,17,484,Rainy,NarrowRoad,No,heavy
16,Tuesday,12:00 PM,384,55,1,20,460,Foggy,Highway,Yes,heavy
16,Tuesday,2:00 PM,119,98,13,22,252,Sunny,Highway,No,normal
16,Tuesday,4:00 PM,117,92,4,48,261,Rainy,NarrowRoad,Yes,normal
16,Tuesday,6:00 PM,192,237,12,25,466,Rainy,Highway,Yes,heavy
16,Tuesday,8:00 PM,195,116,8,37,356,Rainy,CityRoad,No,high
16,Wednesday,8:00 AM,198,190,12,25,425,Rainy,NarrowRoad,Yes,high
16,Wednesday,10:00 AM,94,140,8,31,273,Foggy,CityRoad,Yes,normal
16,Wednesday,12:00 PM,371,226,5,24,626,Rainy,CityRoad,No,heavy
16,Wednesday,2:00 PM,127,238,2,49,416,Rainy,CityRoad,Yes,high
16,Wednesday,4:00 PM,123,196,13,48,380,Foggy,CityRoad,Yes,high
16,Wednesday,6:00 PM,54,88,8,46,196,Foggy,CityRoad,No,normal
16,Wednesday,8:00 PM,319,156,6,46,527,Foggy,Highway,Yes,heavy
16,Thursday,8:00 AM,351,164,7,19,541,Foggy,NarrowRoad,Yes,heavy
16,Thursday,10:00 AM,127,166,2,49,344,Foggy,Highway,No,high
16,Thursday,12:00 PM,294,154,11,42,501,Foggy,Highway,Yes,heavy
16,Thursday,2:00 PM,216,43,8,19,286,Sunny,NarrowRoad,No,normal
16,Thursday,4:00 PM,317,227,4,32,580,Foggy,Highway,Yes,heavy
16,Thursday,6:00 PM,50,221,11,19,301,Sunny,CityRoad,Yes,high
16,Thursday,8:00 PM,280,156,7,43,486,Foggy,CityRoad,Yes,heavy
16,Friday,8:00 AM,139,89,6,12,246,Foggy,NarrowRoad,Yes,normal
16,Friday,10:00 AM,357,183,10,7,557,Foggy,CityRoad,No,heavy
16,Friday,12:00 PM,83,34,6,9,132,Sunny,Highway,No,low
16,Friday,2:00 PM,325,103,15,21,464,Sunny,NarrowRoad,No,heavy
16,Friday,4:00 PM,216,56,14,48,334,Rainy,Highway,No,high
16,Friday,6:00 PM,106,107,4,15,232,Rainy,CityRoad,Yes,normal
16,Friday,8:00 PM,266,57,8,46,377,Rainy,NarrowRoad,No,high
16,Saturday,8:00 AM,306,138,10,41,495,Rainy,CityRoad,Yes,heavy
16,Saturday,10:00 AM,52,44,7,38,141,Foggy,NarrowRoad,No,low
16,Saturday,12:00 PM,116,44,15,8,183,Rainy,CityRoad,No,normal
16,Saturday,2:00 PM,196,79,11,45,331,Sunny,CityRoad,No,high
16,Saturday,4:00 PM,382,39,13,25,459,Foggy,Highway,Yes,heavy
16,Saturday,6:00 PM,163,142,4,21,330,Rainy,NarrowRoad,Yes,high
16,Saturday,8:00 PM,314,95,6,44,459,Sunny,NarrowRoad,Yes,heavy
16,Sunday,8:00 AM,294,101,10,13,418,Foggy,NarrowRoad,Yes,high
16,Sunday,10:00 AM,175,31,15,50,271,Sunny,CityRoad,No,normal
16,Sunday,12:00 PM,78,204,6,40,328,Foggy,Highway,No,high
16,Sunday,2:00 PM,79,240,7,46,372,Foggy,CityRoad,No,high
16,Sunday,4:00 PM,138,117,4,22,281,Rainy,CityRoad,Yes,normal
16,Sunday,6:00 PM,400,50,12,49,511,Rainy,Highway,Yes,heavy
16,Sunday,8:00 PM,396,103,13,23,535,Foggy,Highway,No,heavy
17,Monday,8:00 AM,176,116,13,43,348,Rainy,CityRoad,Yes,high
17,Monday,10:00 AM,258,249,13,27,547,Rainy,Highway,No,heavy
17,Monday,12:00 PM,88,190,2,48,328,Foggy,Highway,No,high
17,Monday,2:00 PM,248,224,8,30,510,Sunny,CityRoad,No,heavy
17,Monday,4:00 PM,306,180,5,13,504,Foggy,Highway,Yes,heavy
17,Monday,6:00 PM,322,71,15,21,429,Rainy,Highway,No,high
17,Monday,8:00 PM,207,203,8,41,459,Rainy,CityRoad,Yes,heavy
17,Tuesday,8:00 AM,300,84,12,7,403,Foggy,NarrowRoad,Yes,high
17,Tuesday,10:00 AM,387,128,6,42,563,Rainy,NarrowRoad,Yes,heavy
17,Tuesday,12:00 PM,240,235,7,38,520,Foggy,NarrowRoad,No,heavy
17,Tuesday,2:00 PM,243,130,5,33,411,Sunny,Highway,No,high
17,Tuesday,4:00 PM,98,97,3,10,208,Sunny,Highway,Yes,normal
17,Tuesday,6:00 PM,124,56,5,25,210,Foggy,NarrowRoad,Yes,normal
17,Tuesday,8:00 PM,111,204,2,35,352,Sunny,Highway,No,high
17,Wednesday,8:00 AM,72,44,10,13,139,Rainy,CityRoad,No,low
17,Wednesday,10:00 AM,194,196,12,39,441,Foggy,CityRoad,No,high
17,Wednesday,12:00 PM,277,237,5,26,545,Foggy,Highway,Yes,heavy
17,Wednesday,2:00 PM,281,187,14,48,530,Sunny,CityRoad,No,heavy
17,Wednesday,4:00 PM,195,241,2,23,461,Foggy,Highway,Yes,heavy
17,Wednesday,6:00 PM,241,48,3,40,332,Rainy,NarrowRoad,No,high
17,Wednesday,8:00 PM,262,137,10,35,444,Sunny,Highway,No,high
17,Thursday,8:00 AM,302,227,2,17,548,Foggy,Highway,No,heavy
17,Thursday,10:00 AM,389,56,1,25,471,Foggy,CityRoad,No,heavy
17,Thursday,12:00 PM,94,234,15,8,351,Sunny,NarrowRoad,No,high
17,Thursday,2:00 PM,335,207,9,47,598,Sunny,Highway,Yes,heavy
17,Thursday,4:00 PM,245,54,7,43,349,Rainy,CityRoad,Yes,high
17,Thursday,6:00 PM,312,75,1,7,395,Sunny,NarrowRoad,Yes,high
17,Thursday,8:00 PM,138,22,9,5,174,Foggy,CityRoad,No,normal
17,Friday,8:00 AM,346,192,11,38,587,Foggy,Highway,Yes,heavy
17,Friday,10:00 AM,234,130,11,6,381,Rainy,CityRoad,No,high
17,Friday,12:00 PM,198,68,6,42,314,Sunny,CityRoad,Yes,high
17,Friday,2:00 PM,311,168,2,30,511,Sunny,NarrowRoad,No,heavy
17,Friday,4:00 PM,210,155,13,39,417,Foggy,NarrowRoad,No,high
17,Friday,6:00 PM,177,82,10,23,292,Sunny,Highway,No,normal
17,Friday,8:00 PM,257,85,15,32,389,Foggy,NarrowRoad,No,high
17,Saturday,8:00 AM,262,137,15,25,439,Rainy,CityRoad,No,high
17,Saturday,10:00 AM,131,189,13,12,345,Foggy,Highway,No,high
17,Saturday,12:00 PM,294,54,8,28,384,Rainy,NarrowRoad,No,high
17,Saturday,2:00 PM,66,146,13,20,245,Rainy,NarrowRoad,No,normal
17,Saturday,4:00 PM,69,47,8,18,142,Rainy,NarrowRoad,Yes,low
17,Saturday,6:00 PM,320,47,10,31,408,Foggy,CityRoad,No,high
17,Saturday,8:00 PM,142,215,2,25,384,Foggy,Highway,Yes,high
17,Sunday,8:00 AM,373,120,5,39,537,Rainy,Highway,Yes,heavy
17,Sunday,10:00 AM,172,226,6,30,434,Foggy,Highway,No,high
17,Sunday,12:00 PM,194,25,8,25,252,Sunny,NarrowRoad,No,normal
17,Sunday,2:00 PM,392,30,2,28,452,Foggy,NarrowRoad,No,heavy
17,Sunday,4:00 PM,156,60,10,46,272,Sunny,NarrowRoad,Yes,normal
17,Sunday,6:00 PM,360,122,5,44,531,Foggy,Highway,No,heavy
17,Sunday,8:00 PM,349,204,9,32,594,Sunny,CityRoad,No,heavy
18,Monday,8:00 AM,188,181,3,35,407,Sunny,Highway,Yes,high
18,Monday,10:00 AM,269,131,13,14,427,Rainy,Highway,No,high
18,Monday,12:00 PM,94,90,13,39,236,Sunny,Highway,No,normal
18,Monday,2:00 PM,316,212,2,49,579,Rainy,NarrowRoad,Yes,heavy
18,Monday,4:00 PM,74,187,15,32,308,Sunny,CityRoad,No,high
18,Monday,6:00 PM,381,46,1,38,466,Rainy,Highway,No,heavy
18,Monday,8:00 PM,229,154,1,22,406,Foggy,CityRoad,No,high
18,Tuesday,8:00 AM,84,43,3,15,145,Foggy,Highway,No,low
18,Tuesday,10:00 AM,309,167,1,44,521,Rainy,CityRoad,No,heavy
18,Tuesday,12:00 PM,131,45,14,26,216,Rainy,NarrowRoad,No,normal
18,Tuesday,2:00 PM,311,109,13,17,450,Foggy,CityRoad,Yes,heavy
18,Tuesday,4:00 PM,82,173,14,23,292,Rainy,Highway,No,normal
18,Tuesday,6:00 PM,174,224,4,26,428,Foggy,NarrowRoad,No,high
18,Tuesday,8:00 PM,358,206,2,38,604,Rainy,NarrowRoad,Yes,heavy
18,Wednesday,8:00 AM,147,130,2,20,299,Rainy,Highway,No,normal
18,Wednesday,10:00 AM,186,90,1,18,295,Sunny,NarrowRoad,Yes,normal
18,Wednesday,12:00 PM,63,72,7,5,147,Rainy,NarrowRoad,No,low
18,Wednesday,2:00 PM,250,130,8,48,436,Sunny,NarrowRoad,Yes,high
18,Wednesday,4:00 PM,114,109,13,16,252,Sunny,Highway,Yes,normal
18,Wednesday,6:00 PM,216,211,15,47,489,Rainy,NarrowRoad,Yes,heavy
18,Wednesday,8:00 PM,97,237,11,36,381,Foggy,NarrowRoad,Yes,high
18,Thursday,8:00 AM,127,104,8,10,249,Sunny,Highway,No,normal
18,Thursday,10:00 AM,168,88,12,12,280,Foggy,NarrowRoad,Yes,normal
18,Thursday,12:00 PM,189,25,7,17,238,Sunny,NarrowRoad,No,normal
18,Thursday,2:00 PM,301,92,10,38,441,Sunny,CityRoad,Yes,high
18,Thursday,4:00 PM,360,65,4,26,455,Rainy,NarrowRoad,No,heavy
18,Thursday,6:00 PM,234,119,13,42,408,Foggy,Highway,No,high
18,Thursday,8:00 PM,54,149,8,21,232,Sunny,NarrowRoad,No,normal
18,Friday,8:00 AM,358,246,7,22,633,Sunny,Highway,No,heavy
18,Friday,10:00 AM,132,29,15,14,190,Sunny,NarrowRoad,Yes,normal
18,Friday,12:00 PM,302,69,12,9,392,Rainy,Highway,Yes,high
18,Friday,2:00 PM,393,220,2,6,621,Foggy,NarrowRoad,No,heavy
18,Friday,4:00 PM,348,87,13,10,458,Rainy,CityRoad,Yes,heavy
18,Friday,6:00 PM,360,179,9,9,557,Rainy,NarrowRoad,No,heavy
18,Friday,8:00 PM,193,78,5,39,315,Foggy,NarrowRoad,No,high
18,Saturday,8:00 AM,124,110,3,29,266,Sunny,Highway,No,normal
18,Saturday,10:00 AM,137,192,2,12,343,Sunny,NarrowRoad,Yes,high
18,Saturday,12:00 PM,60,221,10,40,331,Sunny,NarrowRoad,No,high
18,Saturday,2:00 PM,200,46,5,15,266,Sunny,Highway,Yes,normal
18,Saturday,4:00 PM,221,61,1,50,333,Sunny,Highway,No,high
18,Saturday,6:00 PM,308,173,15,27,523,Rainy,Highway,No,heavy
18,Saturday,8:00 PM,338,42,8,47,435,Foggy,Highway,No,high
18,Sunday,8:00 AM,324,30,14,35,403,Rainy,CityRoad,Yes,high
18,Sunday,10:00 AM,137,248,6,8,399,Rainy,Highway,No,high
18,Sunday,12:00 PM,242,248,10,43,543,Rainy,CityRoad,Yes,heavy
18,Sunday,2:00 PM,113,53,3,27,196,Foggy,NarrowRoad,Yes,normal
18,Sunday,4:00 PM,363,189,9,30,591,Rainy,CityRoad,Yes,heavy
18,Sunday,6:00 PM,78,181,3,33,295,Foggy,CityRoad,Yes,normal
18,Sunday,8:00 PM,281,174,2,19,476,Sunny,NarrowRoad,No,heavy
19,Monday,8:00 AM,275,224,14,44,557,Foggy,Highway,Yes,heavy
19,Monday,10:00 AM,328,143,7,10,488,Rainy,CityRoad,No,heavy
19,Monday,12:00 PM,169,142,2,17,330,Foggy,Highway,No,high
19,Monday,2:00 PM,246,211,14,37,508,Foggy,Highway,No,heavy
19,Monday,4:00 PM,361,118,8,8,495,Foggy,CityRoad,Yes,heavy
19,Monday,6:00 PM,368,76,5,7,456,Rainy,CityRoad,No,heavy
19,Monday,8:00 PM,139,205,11,14,369,Sunny,CityRoad,Yes,high
19,Tuesday,8:00 AM,331,21,6,46,404,Sunny,CityRoad,Yes,high
19,Tuesday,10:00 AM,64,186,7,38,295,Rainy,CityRoad,No,normal
19,Tuesday,12:00 PM,269,198,1,15,483,Rainy,NarrowRoad,No,heavy
19,Tuesday,2:00 PM,85,116,3,39,243,Rainy,Highway,Yes,normal
19,Tuesday,4:00 PM,225,96,6,46,373,Foggy,NarrowRoad,No,high
19,Tuesday,6:00 PM,168,164,1,36,369,Foggy,CityRoad,Yes,high
19,Tuesday,8:00 PM,358,183,14,45,600,Rainy,CityRoad,No,heavy
19,Wednesday,8:00 AM,160,213,11,30,414,Sunny,NarrowRoad,No,high
19,Wednesday,10:00 AM,215,215,5,36,471,Foggy,CityRoad,Yes,heavy
19,Wednesday,12:00 PM,275,238,15,41,569,Foggy,Highway,No,heavy
19,Wednesday,2:00 PM,344,62,6,21,433,Sunny,NarrowRoad,No,high
19,Wednesday,4:00 PM,182,27,13,22,244,Sunny,NarrowRoad,Yes,normal
19,Wednesday,6:00 PM,235,143,9,9,396,Rainy,NarrowRoad,Yes,high
19,Wednesday,8:00 PM,132,95,14,33,274,Foggy,NarrowRoad,Yes,normal
19,Thursday,8:00 AM,328,107,15,14,464,Foggy,CityRoad,Yes,heavy
19,Thursday,10:00 AM,393,115,12,5,525,Foggy,CityRoad,Yes,heavy
19,Thursday,12:00 PM,328,155,15,31,529,Sunny,Highway,No,heavy
19,Thursday,2:00 PM,258,205,13,7,483,Sunny,Highway,No,heavy
19,Thursday,4:00 PM,134,22,5,36,197,Rainy,Highway,Yes,normal
19,Thursday,6:00 PM,370,113,10,47,540,Sunny,Highway,No,heavy
19,Thursday,8:00 PM,345,205,9,19,578,Sunny,Highway,No,heavy
19,Friday,8:00 AM,338,46,13,50,447,Sunny,NarrowRoad,Yes,high
19,Friday,10:00 AM,396,76,9,47,528,Foggy,CityRoad,No,heavy
19,Friday,12:00 PM,180,48,12,45,285,Sunny,NarrowRoad,Yes,normal
19,Friday,2:00 PM,320,174,11,25,530,Sunny,NarrowRoad,Yes,heavy
19,Friday,4:00 PM,80,152,1,10,243,Rainy,CityRoad,Yes,normal
19,Friday,6:00 PM,346,57,7,9,419,Sunny,Highway,No,high
19,Friday,8:00 PM,386,36,4,49,475,Sunny,CityRoad,Yes,heavy
19,Saturday,8:00 AM,186,149,13,42,390,Foggy,Highway,Yes,high
19,Saturday,10:00 AM,303,48,6,36,393,Sunny,Highway,No,high
19,Saturday,12:00 PM,208,246,10,31,495,Rainy,Highway,No,heavy
19,Saturday,2:00 PM,256,155,8,32,451,Rainy,CityRoad,No,heavy
19,Saturday,4:00 PM,397,140,1,40,578,Sunny,Highway,No,heavy
19,Saturday,6:00 PM,351,123,14,38,526,Sunny,Highway,Yes,heavy
19,Saturday,8:00 PM,255,93,14,17,379,Foggy,CityRoad,Yes,high
19,Sunday,8:00 AM,324,138,15,15,492,Foggy,CityRoad,No,heavy
19,Sunday,10:00 AM,333,150,15,12,510,Rainy,CityRoad,Yes,heavy
19,Sunday,12:00 PM,369,225,14,33,641,Sunny,Highway,No,heavy
19,Sunday,2:00 PM,380,186,5,26,597,Rainy,Highway,Yes,heavy
19,Sunday,4:00 PM,222,45,12,38,317,Rainy,NarrowRoad,No,high
19,Sunday,6:00 PM,253,114,9,24,400,Rainy,CityRoad,No,high
19,Sunday,8:00 PM,285,231,8,43,567,Sunny,CityRoad,Yes,heavy
20,Monday,8:00 AM,366,194,13,24,597,Sunny,CityRoad,Yes,heavy
20,Monday,10:00 AM,142,90,14,35,281,Sunny,CityRoad,Yes,normal
20,Monday,12:00 PM,251,148,3,29,431,Sunny,CityRoad,Yes,high
20,Monday,2:00 PM,281,184,15,48,528,Sunny,Highway,Yes,heavy
20,Monday,4:00 PM,116,51,13,30,210,Foggy,NarrowRoad,Yes,normal
20,Monday,6:00 PM,102,244,14,38,398,Sunny,NarrowRoad,No,high
20,Monday,8:00 PM,158,147,14,43,362,Rainy,Highway,No,high
20,Tuesday,8:00 AM,287,235,5,15,542,Rainy,NarrowRoad,Yes,heavy
20,Tuesday,10:00 AM,86,42,15,45,188,Rainy,CityRoad,Yes,normal
20,Tuesday,12:00 PM,139,116,10,29,294,Foggy,NarrowRoad,No,normal
20,Tuesday,2:00 PM,347,103,7,29,486,Rainy,CityRoad,No,heavy
20,Tuesday,4:00 PM,399,155,10,32,596,Sunny,NarrowRoad,No,heavy
20,Tuesday,6:00 PM,291,56,3,25,375,Foggy,NarrowRoad,Yes,high
20,Tuesday,8:00 PM,204,67,8,6,285,Rainy,NarrowRoad,Yes,normal
20,Wednesday,8:00 AM,338,120,6,11,475,Sunny,NarrowRoad,Yes,heavy
20,Wednesday,10:00 AM,277,150,5,31,463,Sunny,CityRoad,No,heavy
20,Wednesday,12:00 PM,148,178,2,18,346,Foggy,CityRoad,No,high
20,Wednesday,2:00 PM,172,186,10,15,383,Foggy,NarrowRoad,No,high
20,Wednesday,4:00 PM,149,33,13,7,202,Foggy,NarrowRoad,Yes,normal
20,Wednesday,6:00 PM,212,89,13,25,339,Rainy,Highway,No,high
20,Wednesday,8:00 PM,386,248,10,33,677,Sunny,CityRoad,Yes,heavy
20,Thursday,8:00 AM,55,92,9,31,187,Rainy,NarrowRoad,No,normal
20,Thursday,10:00 AM,203,21,6,20,250,Sunny,Highway,Yes,normal
20,Thursday,12:00 PM,225,193,15,13,446,Rainy,CityRoad,No,high
20,Thursday,2:00 PM,382,235,13,8,638,Foggy,CityRoad,Yes,heavy
20,Thursday,4:00 PM,308,78,7,11,404,Rainy,CityRoad,No,high
20,Thursday,6:00 PM,64,74,6,42,186,Foggy,CityRoad,Yes,normal
20,Thursday,8:00 PM,217,39,11,31,298,Sunny,NarrowRoad,No,normal
20,Friday,8:00 AM,208,224,9,30,471,Foggy,CityRoad,Yes,heavy
20,Friday,10:00 AM,91,212,3,47,353,Foggy,CityRoad,Yes,high
20,Friday,12:00 PM,53,107,3,36,199,Foggy,CityRoad,Yes,normal
20,Friday,2:00 PM,254,184,14,38,490,Foggy,NarrowRoad,Yes,heavy
20,Friday,4:00 PM,308,195,3,44,550,Foggy,Highway,Yes,heavy
20,Friday,6:00 PM,317,176,14,23,530,Sunny,CityRoad,No,heavy
20,Friday,8:00 PM,326,95,4,15,440,Sunny,CityRoad,Yes,high
20,Saturday,8:00 AM,236,89,2,31,358,Sunny,NarrowRoad,No,high
20,Saturday,10:00 AM,136,59,14,32,241,Rainy,NarrowRoad,Yes,normal
20,Saturday,12:00 PM,121,45,7,40,213,Foggy,CityRoad,No,normal
20,Saturday,2:00 PM,214,64,4,38,320,Rainy,Highway,Yes,high
20,Saturday,4:00 PM,386,97,11,7,501,Rainy,Highway,No,heavy
20,Saturday,6:00 PM,397,159,1,41,598,Rainy,Highway,No,heavy
20,Saturday,8:00 PM,78,208,12,26,324,Rainy,CityRoad,No,high
20,Sunday,8:00 AM,311,66,6,16,399,Rainy,NarrowRoad,No,high
20,Sunday,10:00 AM,177,99,12,11,299,Sunny,NarrowRoad,No,normal
20,Sunday,12:00 PM,180,89,5,49,323,Rainy,Highway,No,high
20,Sunday,2:00 PM,286,196,9,47,538,Rainy,CityRoad,Yes,heavy
20,Sunday,4:00 PM,275,104,5,18,402,Rainy,CityRoad,No,high
20,Sunday,6:00 PM,298,38,7,15,358,Foggy,NarrowRoad,Yes,high
20,Sunday,8:00 PM,78,60,15,33,186,Rainy,CityRoad,No,normal
21,Monday,8:00 AM,347,136,10,36,529,Sunny,NarrowRoad,No,heavy
21,Monday,10:00 AM,210,168,4,21,403,Foggy,Highway,No,high
21,Monday,12:00 PM,271,48,2,24,345,Foggy,NarrowRoad,Yes,high
21,Monday,2:00 PM,337,197,6,10,550,Foggy,Highway,Yes,heavy
21,Monday,4:00 PM,138,211,1,47,397,Foggy,CityRoad,No,high
21,Monday,6:00 PM,176,196,2,41,415,Rainy,NarrowRoad,No,high
21,Monday,8:00 PM,117,154,15,37,323,Rainy,Highway,Yes,high
21,Tuesday,8:00 AM,99,70,13,20,202,Sunny,Highway,Yes,normal
21,Tuesday,10:00 AM,306,20,3,17,346,Foggy,NarrowRoad,Yes,high
21,Tuesday,12:00 PM,363,161,5,35,564,Rainy,NarrowRoad,No,heavy
21,Tuesday,2:00 PM,159,83,3,24,269,Sunny,NarrowRoad,Yes,normal
21,Tuesday,4:00 PM,57,24,1,43,125,Sunny,CityRoad,No,low
21,Tuesday,6:00 PM,245,145,8,27,425,Foggy,NarrowRoad,Yes,high
21,Tuesday,8:00 PM,227,227,7,34,495,Foggy,CityRoad,No,heavy
21,Wednesday,8:00 AM,196,247,13,5,461,Foggy,NarrowRoad,No,heavy
21,Wednesday,10:00 AM,175,40,3,35,253,Foggy,NarrowRoad,No,normal
21,Wednesday,12:00 PM,312,78,10,41,441,Foggy,Highway,Yes,high
21,Wednesday,2:00 PM,135,169,4,7,315,Foggy,Highway,No,high
21,Wednesday,4:00 PM,58,60,6,29,153,Sunny,Highway,Yes,normal
21,Wednesday,6:00 PM,82,183,6,30,301,Foggy,Highway,No,high
21,Wednesday,8:00 PM,169,132,11,31,343,Sunny,NarrowRoad,Yes,high
21,Thursday,8:00 AM,172,50,14,14,250,Foggy,Highway,No,normal
21,Thursday,10:00 AM,310,53,9,50,422,Foggy,CityRoad,No,high
21,Thursday,12:00 PM,232,147,5,30,414,Rainy,CityRoad,No,high
21,Thursday,2:00 PM,96,233,8,29,366,Foggy,CityRoad,Yes,high
21,Thursday,4:00 PM,133,99,5,15,252,Foggy,NarrowRoad,No,normal
21,Thursday,6:00 PM,135,183,15,26,359,Rainy,CityRoad,No,high
21,Thursday,8:00 PM,376,241,5,44,666,Sunny,Highway,No,heavy
21,Friday,8:00 AM,334,196,6,43,579,Rainy,Highway,No,heavy
21,Friday,10:00 AM,376,44,3,33,456,Sunny,NarrowRoad,Yes,heavy
21,Friday,12:00 PM,266,140,15,11,432,Foggy,NarrowRoad,No,high
21,Friday,2:00 PM,212,210,9,38,469,Foggy,NarrowRoad,No,heavy
21,Friday,4:00 PM,395,196,12,5,608,Sunny,Highway,Yes,heavy
21,Friday,6:00 PM,119,86,14,36,255,Rainy,CityRoad,Yes,normal
21,Friday,8:00 PM,141,62,5,19,227,Foggy,NarrowRoad,Yes,normal
21,Saturday,8:00 AM,172,202,1,37,412,Foggy,NarrowRoad,Yes,high
21,Saturday,10:00 AM,236,236,13,46,531,Rainy,NarrowRoad,No,heavy
21,Saturday,12:00 PM,200,231,5,10,446,Foggy,Highway,No,high
21,Saturday,2:00 PM,252,61,11,21,345,Sunny,CityRoad,No,high
21,Saturday,4:00 PM,395,242,3,37,677,Foggy,Highway,No,heavy
21,Saturday,6:00 PM,284,244,8,39,575,Foggy,Highway,Yes,heavy
21,Saturday,8:00 PM,289,119,13,36,457,Sunny,NarrowRoad,Yes,heavy
21,Sunday,8:00 AM,360,52,15,19,446,Sunny,NarrowRoad,No,high
21,Sunday,10:00 AM,239,199,2,7,447,Foggy,Highway,Yes,high
21,Sunday,12:00 PM,62,220,2,8,292,Rainy,Highway,No,normal
21,Sunday,2:00 PM,62,125,5,10,202,Sunny,CityRoad,No,normal
21,Sunday,4:00 PM,324,31,15,5,375,Sunny,Highway,No,high
21,Sunday,6:00 PM,126,126,7,37,296,Foggy,CityRoad,No,normal
21,Sunday,8:00 PM,321,183,11,45,560,Foggy,CityRoad,Yes,heavy
22,Monday,8:00 AM,331,80,1,49,461,Foggy,NarrowRoad,Yes,heavy
22,Monday,10:00 AM,106,175,13,24,318,Sunny,CityRoad,Yes,high
22,Monday,12:00 PM,76,119,3,39,237,Rainy,NarrowRoad,Yes,normal
22,Monday,2:00 PM,309,82,13,36,440,Sunny,Highway,Yes,high
22,Monday,4:00 PM,248,145,1,12,406,Rainy,CityRoad,Yes,high
22,Monday,6:00 PM,62,235,4,49,350,Rainy,Highway,No,high
22,Monday,8:00 PM,183,60,12,44,299,Foggy,Highway,Yes,normal
22,Tuesday,8:00 AM,284,53,11,13,361,Rainy,NarrowRoad,Yes,high
22,Tuesday,10:00 AM,229,96,2,21,348,Foggy,NarrowRoad,Yes,high
22,Tuesday,12:00 PM,217,183,10,45,455,Foggy,NarrowRoad,Yes,heavy
22,Tuesday,2:00 PM,360,33,3,20,416,Sunny,Highway,No,high
22,Tuesday,4:00 PM,292,167,8,42,509,Foggy,Highway,Yes,heavy
22,Tuesday,6:00 PM,218,24,7,12,261,Foggy,Highway,Yes,normal
22,Tuesday,8:00 PM,261,145,12,46,464,Foggy,CityRoad,Yes,heavy
22,Wednesday,8:00 AM,313,123,5,27,468,Sunny,Highway,Yes,heavy
22,Wednesday,10:00 AM,204,127,13,22,366,Sunny,CityRoad,No,high
22,Wednesday,12:00 PM,314,118,5,19,456,Foggy,Highway,Yes,heavy
22,Wednesday,2:00 PM,159,155,5,43,362,Rainy,CityRoad,Yes,high
22,Wednesday,4:00 PM,332,218,1,10,561,Rainy,Highway,No,heavy
22,Wednesday,6:00 PM,210,216,4,45,475,Rainy,NarrowRoad,No,heavy
22,Wednesday,8:00 PM,116,138,4,10,268,Foggy,CityRoad,Yes,normal
22,Thursday,8:00 AM,115,109,14,26,264,Rainy,CityRoad,Yes,normal
22,Thursday,10:00 AM,387,154,5,28,574,Sunny,Highway,Yes,heavy
22,Thursday,12:00 PM,129,132,5,32,298,Foggy,NarrowRoad,No,normal
22,Thursday,2:00 PM,110,123,14,35,282,Sunny,NarrowRoad,No,normal
22,Thursday,4:00 PM,199,106,3,26,334,Foggy,Highway,No,high
22,Thursday,6:00 PM,223,195,12,6,436,Rainy,CityRoad,No,high
22,Thursday,8:00 PM,266,159,9,43,477,Rainy,CityRoad,Yes,heavy
22,Friday,8:00 AM,258,139,11,33,441,Foggy,CityRoad,No,high
22,Friday,10:00 AM,134,156,3,15,308,Foggy,Highway,Yes,high
22,Friday,12:00 PM,326,56,14,43,439,Sunny,Highway,No,high
22,Friday,2:00 PM,66,167,15,47,295,Rainy,CityRoad,No,normal
22,Friday,4:00 PM,210,44,9,43,306,Sunny,Highway,No,high
22,Friday,6:00 PM,349,130,3,44,526,Sunny,Highway,Yes,heavy
22,Friday,8:00 PM,217,114,2,35,368,Rainy,CityRoad,No,high
22,Saturday,8:00 AM,290,64,8,41,403,Rainy,NarrowRoad,Yes,high
22,Saturday,10:00 AM,250,119,7,32,408,Rainy,NarrowRoad,No,high
22,Saturday,12:00 PM,185,173,1,27,386,Foggy,Highway,No,high
22,Saturday,2:00 PM,204,143,2,21,370,Foggy,NarrowRoad,No,high
22,Saturday,4:00 PM,67,179,14,48,308,Sunny,Highway,No,high
22,Saturday,6:00 PM,328,176,15,8,527,Sunny,CityRoad,Yes,heavy
22,Saturday,8:00 PM,336,119,5,14,474,Sunny,CityRoad,Yes,heavy
22,Sunday,8:00 AM,329,200,15,40,584,Foggy,NarrowRoad,Yes,heavy
22,Sunday,10:00 AM,62,232,8,5,307,Sunny,NarrowRoad,No,high
22,Sunday,12:00 PM,190,239,8,46,483,Sunny,NarrowRoad,Yes,heavy
22,Sunday,2:00 PM,308,231,11,19,569,Rainy,NarrowRoad,Yes,heavy
22,Sunday,4:00 PM,213,214,5,34,466,Rainy,CityRoad,No,heavy
22,Sunday,6:00 PM,336,130,1,24,491,Sunny,CityRoad,No,heavy
22,Sunday,8:00 PM,89,148,13,7,257,Foggy,Highway,Yes,normal
23,Monday,8:00 AM,156,121,2,18,297,Rainy,CityRoad,No,normal
23,Monday,10:00 AM,340,174,1,17,532,Rainy,NarrowRoad,Yes,heavy
23,Monday,12:00 PM,400,33,9,37,479,Rainy,Highway,Yes,heavy
23,Monday,2:00 PM,76,231,1,41,349,Foggy,CityRoad,No,high
23,Monday,4:00 PM,340,197,8,36,581,Foggy,CityRoad,No,heavy
23,Monday,6:00 PM,126,177,4,32,339,Foggy,NarrowRoad,Yes,high
23,Monday,8:00 PM,277,23,12,15,327,Foggy,Highway,Yes,high
23,Tuesday,8:00 AM,170,113,11,11,305,Foggy,NarrowRoad,No,high
23,Tuesday,10:00 AM,271,203,14,30,518,Rainy,CityRoad,No,heavy
23,Tuesday,12:00 PM,158,196,1,6,361,Sunny,Highway,Yes,high
23,Tuesday,2:00 PM,232,194,12,16,454,Foggy,Highway,No,heavy
23,Tuesday,4:00 PM,347,238,1,45,631,Sunny,CityRoad,Yes,heavy
23,Tuesday,6:00 PM,348,101,10,19,478,Rainy,Highway,Yes,heavy
23,Tuesday,8:00 PM,330,168,8,14,520,Sunny,NarrowRoad,Yes,heavy
23,Wednesday,8:00 AM,239,151,1,40,431,Rainy,NarrowRoad,No,high
23,Wednesday,10:00 AM,314,244,5,34,597,Sunny,NarrowRoad,No,heavy
23,Wednesday,12:00 PM,192,193,6,41,432,Rainy,NarrowRoad,Yes,high
23,Wednesday,2:00 PM,120,224,8,15,367,Rainy,NarrowRoad,Yes,high
23,Wednesday,4:00 PM,394,90,8,16,508,Foggy,NarrowRoad,Yes,heavy
23,Wednesday,6:00 PM,234,206,12,19,471,Rainy,Highway,No,heavy
23,Wednesday,8:00 PM,175,246,15,25,461,Foggy,Highway,No,heavy
23,Thursday,8:00 AM,397,160,7,20,584,Rainy,NarrowRoad,No,heavy
23,Thursday,10:00 AM,301,78,15,27,421,Sunny,NarrowRoad,Yes,high
23,Thursday,12:00 PM,144,86,4,33,267,Sunny,NarrowRoad,Yes,normal
23,Thursday,2:00 PM,125,122,6,32,285,Sunny,NarrowRoad,No,normal
23,Thursday,4:00 PM,288,22,5,7,322,Rainy,CityRoad,No,high
23,Thursday,6:00 PM,271,40,12,11,334,Rainy,CityRoad,Yes,high
23,Thursday,8:00 PM,138,46,12,32,228,Rainy,Highway,Yes,normal
23,Friday,8:00 AM,196,247,9,13,465,Sunny,Highway,No,heavy
23,Friday,10:00 AM,153,35,13,43,244,Rainy,NarrowRoad,Yes,normal
23,Friday,12:00 PM,62,108,2,33,205,Foggy,NarrowRoad,Yes,normal
23,Friday,2:00 PM,229,219,3,20,471,Foggy,CityRoad,Yes,heavy
23,Friday,4:00 PM,249,80,11,44,384,Sunny,NarrowRoad,Yes,high
23,Friday,6:00 PM,246,215,1,15,477,Foggy,NarrowRoad,No,heavy
23,Friday,8:00 PM,98,180,8,26,312,Sunny,NarrowRoad,Yes,high
23,Saturday,8:00 AM,214,165,1,8,388,Rainy,CityRoad,No,high
23,Saturday,10:00 AM,381,168,6,10,565,Rainy,NarrowRoad,No,heavy
23,Saturday,12:00 PM,389,214,15,8,626,Foggy,CityRoad,No,heavy
23,Saturday,2:00 PM,145,122,9,34,310,Rainy,CityRoad,No,high
23,Saturday,4:00 PM,202,101,15,43,361,Foggy,Highway,No,high
23,Saturday,6:00 PM,133,227,14,13,387,Foggy,NarrowRoad,No,high
23,Saturday,8:00 PM,377,97,2,49,525,Foggy,NarrowRoad,Yes,heavy
23,Sunday,8:00 AM,339,215,4,33,591,Sunny,NarrowRoad,No,heavy
23,Sunday,10:00 AM,364,186,6,5,561,Rainy,NarrowRoad,No,heavy
23,Sunday,12:00 PM,231,114,4,10,359,Foggy,CityRoad,No,high
23,Sunday,2:00 PM,244,216,9,18,487,Sunny,Highway,Yes,heavy
23,Sunday,4:00 PM,217,108,13,28,366,Foggy,CityRoad,No,high
23,Sunday,6:00 PM,241,199,14,6,460,Sunny,CityRoad,Yes,heavy
23,Sunday,8:00 PM,116,241,8,21,386,Sunny,NarrowRoad,No,high
24,Monday,8:00 AM,124,154,2,17,297,Sunny,Highway,Yes,normal
24,Monday,10:00 AM,324,45,15,8,392,Sunny,Highway,No,high
24,Monday,12:00 PM,344,55,3,13,415,Rainy,Highway,No,high
24,Monday,2:00 PM,135,52,4,15,206,Foggy,NarrowRoad,No,normal
24,Monday,4:00 PM,87,210,4,7,308,Foggy,CityRoad,No,high
24,Monday,6:00 PM,237,49,12,27,325,Foggy,Highway,Yes,high
24,Monday,8:00 PM,367,88,15,32,502,Sunny,NarrowRoad,Yes,heavy
24,Tuesday,8:00 AM,75,141,12,42,270,Rainy,NarrowRoad,No,normal
24,Tuesday,10:00 AM,123,102,6,7,238,Sunny,CityRoad,No,normal
24,Tuesday,12:00 PM,192,61,15,5,273,Foggy,Highway,Yes,normal
24,Tuesday,2:00 PM,298,157,8,43,506,Foggy,CityRoad,No,heavy
24,Tuesday,4:00 PM,337,144,4,27,512,Sunny,CityRoad,Yes,heavy
24,Tuesday,6:00 PM,109,186,14,30,339,Rainy,CityRoad,Yes,high
24,Tuesday,8:00 PM,262,78,4,5,349,Foggy,CityRoad,No,high
24,Wednesday,8:00 AM,256,204,12,19,491,Foggy,CityRoad,No,heavy
24,Wednesday,10:00 AM,83,45,5,35,168,Rainy,CityRoad,No,normal
24,Wednesday,12:00 PM,113,156,3,9,281,Sunny,Highway,No,normal
24,Wednesday,2:00 PM,385,40,14,20,459,Rainy,CityRoad,No,heavy
24,Wednesday,4:00 PM,275,218,14,36,543,Foggy,CityRoad,No,heavy
24,Wednesday,6:00 PM,299,27,4,36,366,Foggy,CityRoad,Yes,high
24,Wednesday,8:00 PM,209,30,11,12,262,Rainy,NarrowRoad,Yes,normal
24,Thursday,8:00 AM,107,114,5,36,262,Foggy,CityRoad,No,normal
24,Thursday,10:00 AM,139,177,10,35,361,Rainy,NarrowRoad,No,high
24,Thursday,12:00 PM,201,141,2,43,387,Rainy,NarrowRoad,No,high
24,Thursday,2:00 PM,183,141,6,17,347,Rainy,CityRoad,No,high
24,Thursday,4:00 PM,71,34,4,44,153,Sunny,CityRoad,Yes,normal
24,Thursday,6:00 PM,254,218,8,47,527,Sunny,CityRoad,No,heavy
24,Thursday,8:00 PM,112,153,7,49,321,Sunny,NarrowRoad,Yes,high
24,Friday,8:00 AM,278,158,7,12,455,Rainy,Highway,No,heavy
24,Friday,10:00 AM,393,126,15,10,544,Foggy,CityRoad,No,heavy
24,Friday,12:00 PM,60,66,10,48,184,Rainy,CityRoad,Yes,normal
24,Friday,2:00 PM,359,59,15,27,460,Sunny,Highway,No,heavy
24,Friday,4:00 PM,94,158,15,5,272,Rainy,NarrowRoad,Yes,normal
24,Friday,6:00 PM,60,37,4,14,115,Rainy,Highway,Yes,low
24,Friday,8:00 PM,293,144,3,5,445,Foggy,NarrowRoad,No,high
24,Saturday,8:00 AM,172,138,3,13,326,Rainy,CityRoad,Yes,high
24,Saturday,10:00 AM,178,170,4,40,392,Rainy,NarrowRoad,No,high
24,Saturday,12:00 PM,156,131,13,46,346,Rainy,Highway,No,high
24,Saturday,2:00 PM,236,223,11,9,479,Rainy,CityRoad,Yes,heavy
24,Saturday,4:00 PM,80,145,7,24,256,Sunny,NarrowRoad,Yes,normal
24,Saturday,6:00 PM,89,104,15,25,233,Foggy,NarrowRoad,No,normal
24,Saturday,8:00 PM,361,30,2,47,440,Rainy,Highway,Yes,high
24,Sunday,8:00 AM,346,21,3,28,398,Rainy,CityRoad,No,high
24,Sunday,10:00 AM,93,228,15,27,363,Sunny,NarrowRoad,Yes,high
24,Sunday,12:00 PM,267,198,9,15,489,Sunny,NarrowRoad,No,heavy
24,Sunday,2:00 PM,90,173,7,45,315,Rainy,NarrowRoad,No,high
24,Sunday,4:00 PM,331,205,8,23,567,Rainy,Highway,No,heavy
24,Sunday,6:00 PM,84,124,4,28,240,Sunny,CityRoad,Yes,normal
24,Sunday,8:00 PM,99,56,5,14,174,Sunny,CityRoad,Yes,normal
25,Monday,8:00 AM,324,89,5,15,433,Rainy,NarrowRoad,Yes,high
25,Monday,10:00 AM,381,146,3,43,573,Foggy,NarrowRoad,Yes,heavy
25,Monday,12:00 PM,229,229,4,19,481,Foggy,Highway,Yes,heavy
25,Monday,2:00 PM,265,232,1,16,514,Sunny,NarrowRoad,No,heavy
25,Monday,4:00 PM,89,214,15,7,325,Rainy,NarrowRoad,No,high
25,Monday,6:00 PM,307,67,7,31,412,Sunny,CityRoad,No,high
25,Monday,8:00 PM,133,128,9,27,297,Sunny,CityRoad,No,normal
25,Tuesday,8:00 AM,158,173,11,40,382,Sunny,Highway,No,high
25,Tuesday,10:00 AM,232,115,15,28,390,Foggy,NarrowRoad,Yes,high
25,Tuesday,12:00 PM,128,107,2,32,269,Rainy,Highway,No,normal
25,Tuesday,2:00 PM,81,210,6,29,326,Sunny,NarrowRoad,Yes,high
25,Tuesday,4:00 PM,199,216,13,34,462,Sunny,CityRoad,No,heavy
25,Tuesday,6:00 PM,335,128,9,29,501,Rainy,Highway,Yes,heavy
25,Tuesday,8:00 PM,61,107,1,5,174,Foggy,CityRoad,No,normal
25,Wednesday,8:00 AM,171,193,12,40,416,Foggy,Highway,No,high
25,Wednesday,10:00 AM,343,59,15,10,427,Rainy,Highway,Yes,high
25,Wednesday,12:00 PM,363,72,8,46,489,Rainy,Highway,Yes,heavy
25,Wednesday,2:00 PM,80,98,13,8,199,Rainy,Highway,No,normal
25,Wednesday,4:00 PM,384,241,1,28,654,Foggy,Highway,No,heavy
25,Wednesday,6:00 PM,372,68,10,10,460,Rainy,Highway,No,heavy
25,Wednesday,8:00 PM,69,206,9,49,333,Sunny,NarrowRoad,Yes,high
25,Thursday,8:00 AM,337,31,10,15,393,Foggy,Highway,Yes,high
25,Thursday,10:00 AM,231,202,2,36,471,Foggy,CityRoad,No,heavy
25,Thursday,12:00 PM,341,41,12,46,440,Foggy,NarrowRoad,Yes,high
25,Thursday,2:00 PM,306,86,8,46,446,Sunny,Highway,Yes,high
25,Thursday,4:00 PM,211,43,5,23,282,Sunny,NarrowRoad,Yes,normal
25,Thursday,6:00 PM,118,213,1,5,337,Foggy,Highway,No,high
25,Thursday,8:00 PM,206,149,10,28,393,Sunny,NarrowRoad,Yes,high
25,Friday,8:00 AM,126,207,12,47,392,Sunny,NarrowRoad,Yes,high
25,Friday,10:00 AM,200,229,5,28,462,Sunny,NarrowRoad,No,heavy
25,Friday,12:00 PM,181,232,2,49,464,Rainy,CityRoad,No,heavy
25,Friday,2:00 PM,92,160,11,44,307,Foggy,Highway,Yes,high
25,Friday,4:00 PM,105,74,9,36,224,Sunny,Highway,Yes,normal
25,Friday,6:00 PM,387,232,10,8,637,Rainy,Highway,Yes,heavy
25,Friday,8:00 PM,335,36,6,16,393,Sunny,Highway,Yes,high
25,Saturday,8:00 AM,144,248,13,41,446,Sunny,NarrowRoad,Yes,high
25,Saturday,10:00 AM,102,35,2,19,158,Sunny,Highway,Yes,normal
25,Saturday,12:00 PM,165,81,8,48,302,Rainy,NarrowRoad,Yes,high
25,Saturday,2:00 PM,305,90,10,34,439,Foggy,CityRoad,Yes,high
25,Saturday,4:00 PM,99,20,9,25,153,Foggy,NarrowRoad,Yes,normal
25,Saturday,6:00 PM,301,63,4,31,399,Rainy,NarrowRoad,Yes,high
25,Saturday,8:00 PM,383,152,11,50,596,Rainy,Highway,No,heavy
25,Sunday,8:00 AM,355,39,15,34,443,Sunny,CityRoad,Yes,high
25,Sunday,10:00 AM,91,183,12,25,311,Rainy,NarrowRoad,Yes,high
25,Sunday,12:00 PM,221,163,15,16,415,Foggy,Highway,No,high
25,Sunday,2:00 PM,187,67,15,42,311,Sunny,CityRoad,Yes,high
25,Sunday,4:00 PM,312,167,13,7,499,Sunny,NarrowRoad,No,heavy
25,Sunday,6:00 PM,61,191,1,25,278,Sunny,NarrowRoad,No,normal
25,Sunday,8:00 PM,298,226,2,15,541,Rainy,Highway,Yes,heavy
26,Monday,8:00 AM,136,52,1,27,216,Sunny,NarrowRoad,Yes,normal
26,Monday,10:00 AM,177,46,5,16,244,Rainy,CityRoad,No,normal
26,Monday,12:00 PM,258,56,2,6,322,Foggy,Highway,No,high
26,Monday,2:00 PM,296,201,14,8,519,Foggy,Highway,No,heavy
26,Monday,4:00 PM,214,206,4,19,443,Foggy,Highway,No,high
26,Monday,6:00 PM,70,168,8,35,281,Sunny,CityRoad,Yes,normal
26,Monday,8:00 PM,190,201,6,11,408,Rainy,CityRoad,No,high
26,Tuesday,8:00 AM,102,221,13,18,354,Sunny,Highway,No,high
26,Tuesday,10:00 AM,328,148,7,30,513,Foggy,NarrowRoad,No,heavy
26,Tuesday,12:00 PM,132,190,11,37,370,Rainy,NarrowRoad,Yes,high
26,Tuesday,2:00 PM,292,132,2,12,438,Rainy,CityRoad,No,high
26,Tuesday,4:00 PM,135,193,14,10,352,Sunny,CityRoad,Yes,high
26,Tuesday,6:00 PM,358,241,14,25,638,Foggy,NarrowRoad,No,heavy
26,Tuesday,8:00 PM,293,67,8,36,404,Sunny,NarrowRoad,No,high
26,Wednesday,8:00 AM,174,76,10,26,286,Foggy,NarrowRoad,Yes,normal
26,Wednesday,10:00 AM,134,203,3,28,368,Foggy,CityRoad,No,high
26,Wednesday,12:00 PM,94,93,8,37,232,Rainy,Highway,No,normal
26,Wednesday,2:00 PM,389,249,2,19,659,Foggy,NarrowRoad,No,heavy
26,Wednesday,4:00 PM,99,119,11,24,253,Sunny,NarrowRoad,No,normal
26,Wednesday,6:00 PM,332,34,15,10,391,Rainy,Highway,Yes,high
26,Wednesday,8:00 PM,286,116,8,37,447,Sunny,Highway,Yes,high
26,Thursday,8:00 AM,372,85,12,30,499,Sunny,Highway,Yes,heavy
26,Thursday,10:00 AM,330,90,15,29,464,Foggy,CityRoad,No,heavy
26,Thursday,12:00 PM,328,183,8,27,546,Rainy,CityRoad,Yes,heavy
26,Thursday,2:00 PM,74,63,8,38,183,Foggy,NarrowRoad,Yes,normal
26,Thursday,4:00 PM,380,61,3,47,491,Foggy,NarrowRoad,No,heavy
26,Thursday,6:00 PM,265,29,6,36,336,Foggy,Highway,No,high
26,Thursday,8:00 PM,96,201,11,38,346,Sunny,CityRoad,No,high
26,Friday,8:00 AM,369,122,8,14,513,Rainy,CityRoad,Yes,heavy
26,Friday,10:00 AM,168,229,10,10,417,Foggy,Highway,No,high
26,Friday,12:00 PM,195,120,6,34,355,Rainy,Highway,No,high
26,Friday,2:00 PM,136,166,10,36,348,Rainy,CityRoad,No,high
26,Friday,4:00 PM,222,207,1,30,460,Foggy,CityRoad,No,heavy
26,Friday,6:00 PM,319,179,6,33,537,Foggy,Highway,Yes,heavy
26,Friday,8:00 PM,328,52,4,18,402,Rainy,NarrowRoad,No,high
26,Saturday,8:00 AM,58,83,10,36,187,Rainy,NarrowRoad,Yes,normal
26,Saturday,10:00 AM,351,135,4,11,501,Sunny,Highway,Yes,heavy
26,Saturday,12:00 PM,366,122,14,35,537,Rainy,NarrowRoad,No,heavy
26,Saturday,2:00 PM,90,74,4,10,178,Foggy,Highway,No,normal
26,Saturday,4:00 PM,290,60,4,21,375,Foggy,Highway,No,high
26,Saturday,6:00 PM,249,236,9,10,504,Foggy,CityRoad,Yes,heavy
26,Saturday,8:00 PM,134,31,1,33,199,Rainy,CityRoad,No,normal
26,Sunday,8:00 AM,330,241,14,24,609,Foggy,CityRoad,No,heavy
26,Sunday,10:00 AM,50,225,6,11,292,Rainy,Highway,Yes,normal
26,Sunday,12:00 PM,210,45,1,49,305,Rainy,CityRoad,Yes,high
26,Sunday,2:00 PM,265,162,11,32,470,Foggy,NarrowRoad,No,heavy
26,Sunday,4:00 PM,172,70,6,18,266,Foggy,Highway,Yes,normal
26,Sunday,6:00 PM,374,234,1,8,617,Rainy,CityRoad,No,heavy
26,Sunday,8:00 PM,318,174,10,23,525,Sunny,CityRoad,No,heavy
27,Monday,8:00 AM,318,233,8,42,601,Foggy,CityRoad,No,heavy
27,Monday,10:00 AM,278,130,2,47,457,Rainy,CityRoad,No,heavy
27,Monday,12:00 PM,308,112,2,35,457,Foggy,Highway,No,heavy
27,Monday,2:00 PM,88,152,2,50,292,Sunny,Highway,No,normal
27,Monday,4:00 PM,165,68,3,16,252,Rainy,Highway,No,normal
27,Monday,6:00 PM,358,246,7,46,657,Foggy,NarrowRoad,Yes,heavy
27,Monday,8:00 PM,177,91,14,12,294,Rainy,CityRoad,No,normal
27,Tuesday,8:00 AM,111,154,10,24,299,Rainy,NarrowRoad,Yes,normal
27,Tuesday,10:00 AM,397,128,13,48,586,Foggy,CityRoad,No,heavy
27,Tuesday,12:00 PM,310,102,3,26,441,Sunny,Highway,No,high
27,Tuesday,2:00 PM,351,39,7,13,410,Foggy,CityRoad,Yes,high
27,Tuesday,4:00 PM,58,229,7,31,325,Sunny,CityRoad,No,high
27,Tuesday,6:00 PM,329,67,2,18,416,Foggy,CityRoad,Yes,high
27,Tuesday,8:00 PM,116,216,6,23,361,Foggy,CityRoad,Yes,high
27,Wednesday,8:00 AM,109,109,2,14,234,Sunny,Highway,Yes,normal
27,Wednesday,10:00 AM,398,163,12,10,583,Rainy,NarrowRoad,Yes,heavy
27,Wednesday,12:00 PM,211,204,7,41,463,Sunny,Highway,No,heavy
27,Wednesday,2:00 PM,177,236,15,21,449,Rainy,CityRoad,No,high
27,Wednesday,4:00 PM,244,27,5,32,308,Sunny,CityRoad,Yes,high
27,Wednesday,6:00 PM,377,241,13,14,645,Sunny,Highway,No,heavy
27,Wednesday,8:00 PM,184,130,11,21,346,Foggy,Highway,No,high
27,Thursday,8:00 AM,393,73,5,12,483,Foggy,Highway,Yes,heavy
27,Thursday,10:00 AM,58,77,7,31,173,Foggy,CityRoad,No,normal
27,Thursday,12:00 PM,294,144,14,40,492,Foggy,Highway,Yes,heavy
27,Thursday,2:00 PM,50,128,8,19,205,Sunny,CityRoad,No,normal
27,Thursday,4:00 PM,366,197,10,40,613,Foggy,Highway,No,heavy
27,Thursday,6:00 PM,349,130,5,15,499,Rainy,CityRoad,No,heavy
27,Thursday,8:00 PM,313,233,12,11,569,Sunny,NarrowRoad,Yes,heavy
27,Friday,8:00 AM,214,102,15,44,375,Sunny,Highway,No,high
27,Friday,10:00 AM,382,83,6,26,497,Foggy,Highway,No,heavy
27,Friday,12:00 PM,209,88,4,19,320,Foggy,NarrowRoad,Yes,high
27,Friday,2:00 PM,285,220,3,42,550,Sunny,Highway,No,heavy
27,Friday,4:00 PM,124,63,3,50,240,Rainy,NarrowRoad,Yes,normal
27,Friday,6:00 PM,308,245,5,5,563,Sunny,Highway,No,heavy
27,Friday,8:00 PM,138,224,15,37,414,Rainy,Highway,Yes,high
27,Saturday,8:00 AM,294,246,14,27,581,Rainy,NarrowRoad,Yes,heavy
27,Saturday,10:00 AM,72,80,7,26,185,Sunny,Highway,Yes,normal
27,Saturday,12:00 PM,138,103,8,50,299,Rainy,CityRoad,Yes,normal
27,Saturday,2:00 PM,314,58,9,41,422,Foggy,CityRoad,No,high
27,Saturday,4:00 PM,164,177,2,6,349,Foggy,CityRoad,No,high
27,Saturday,6:00 PM,275,23,4,12,314,Sunny,Highway,No,high
27,Saturday,8:00 PM,60,153,2,33,248,Sunny,CityRoad,No,normal
27,Sunday,8:00 AM,240,218,5,31,494,Foggy,Highway,No,heavy
27,Sunday,10:00 AM,292,116,8,19,435,Rainy,Highway,No,high
27,Sunday,12:00 PM,89,197,8,21,315,Rainy,NarrowRoad,No,high
27,Sunday,2:00 PM,177,98,3,36,314,Sunny,Highway,No,high
27,Sunday,4:00 PM,53,151,10,25,239,Sunny,Highway,No,normal
27,Sunday,6:00 PM,223,110,5,25,363,Rainy,NarrowRoad,Yes,high
27,Sunday,8:00 PM,188,221,2,16,427,Foggy,Highway,Yes,high
28,Monday,8:00 AM,218,41,6,38,303,Sunny,CityRoad,Yes,high
28,Monday,10:00 AM,79,231,4,12,326,Rainy,Highway,Yes,high
28,Monday,12:00 PM,353,102,15,46,516,Sunny,Highway,Yes,heavy
28,Monday,2:00 PM,138,158,13,21,330,Rainy,NarrowRoad,Yes,high
28,Monday,4:00 PM,384,75,15,38,512,Sunny,NarrowRoad,No,heavy
28,Monday,6:00 PM,93,59,13,21,186,Rainy,CityRoad,Yes,normal
28,Monday,8:00 PM,75,76,3,49,203,Foggy,Highway,No,normal
28,Tuesday,8:00 AM,157,169,14,44,384,Foggy,NarrowRoad,Yes,high
28,Tuesday,10:00 AM,209,66,8,13,296,Sunny,CityRoad,Yes,normal
28,Tuesday,12:00 PM,167,136,5,43,351,Sunny,Highway,No,high
28,Tuesday,2:00 PM,190,35,9,37,271,Foggy,CityRoad,No,normal
28,Tuesday,4:00 PM,375,41,15,48,479,Sunny,Highway,No,heavy
28,Tuesday,6:00 PM,95,195,14,25,329,Sunny,Highway,No,high
28,Tuesday,8:00 PM,346,235,5,33,619,Rainy,NarrowRoad,Yes,heavy
28,Wednesday,8:00 AM,76,138,9,33,256,Foggy,Highway,No,normal
28,Wednesday,10:00 AM,185,240,10,45,480,Foggy,NarrowRoad,No,heavy
28,Wednesday,12:00 PM,272,152,5,20,449,Foggy,Highway,Yes,high
28,Wednesday,2:00 PM,54,61,5,11,131,Rainy,CityRoad,Yes,low
28,Wednesday,4:00 PM,282,210,6,5,503,Sunny,Highway,No,heavy
28,Wednesday,6:00 PM,360,116,11,25,512,Foggy,Highway,Yes,heavy
28,Wednesday,8:00 PM,314,104,13,29,460,Sunny,CityRoad,No,heavy
28,Thursday,8:00 AM,316,223,15,34,588,Sunny,Highway,Yes,heavy
28,Thursday,10:00 AM,383,77,8,35,503,Rainy,Highway,No,heavy
28,Thursday,12:00 PM,331,233,5,47,616,Rainy,NarrowRoad,No,heavy
28,Thursday,2:00 PM,256,102,6,19,383,Rainy,Highway,Yes,high
28,Thursday,4:00 PM,349,122,15,13,499,Sunny,Highway,No,heavy
28,Thursday,6:00 PM,85,235,6,11,337,Rainy,Highway,Yes,high
28,Thursday,8:00 PM,371,178,12,21,582,Sunny,NarrowRoad,Yes,heavy
28,Friday,8:00 AM,170,197,3,17,387,Foggy,Highway,No,high
28,Friday,10:00 AM,277,239,3,30,549,Rainy,Highway,No,heavy
28,Friday,12:00 PM,167,103,14,41,325,Sunny,NarrowRoad,No,high
28,Friday,2:00 PM,223,82,1,25,331,Rainy,CityRoad,No,high
28,Friday,4:00 PM,194,44,12,31,281,Foggy,NarrowRoad,Yes,normal
28,Friday,6:00 PM,252,84,15,7,358,Sunny,NarrowRoad,Yes,high
28,Friday,8:00 PM,319,240,15,30,604,Sunny,CityRoad,Yes,heavy
28,Saturday,8:00 AM,155,199,12,41,407,Foggy,Highway,No,high
28,Saturday,10:00 AM,180,194,6,46,426,Foggy,CityRoad,Yes,high
28,Saturday,12:00 PM,257,90,3,9,359,Rainy,Highway,No,high
28,Saturday,2:00 PM,263,194,14,29,500,Sunny,Highway,Yes,heavy
28,Saturday,4:00 PM,326,83,10,37,456,Rainy,NarrowRoad,Yes,heavy
28,Saturday,6:00 PM,50,131,15,23,219,Sunny,NarrowRoad,Yes,normal
28,Saturday,8:00 PM,341,49,1,45,436,Foggy,NarrowRoad,Yes,high
28,Sunday,8:00 AM,176,214,13,19,422,Foggy,NarrowRoad,No,high
28,Sunday,10:00 AM,58,195,12,15,280,Rainy,Highway,No,normal
28,Sunday,12:00 PM,69,48,7,13,137,Foggy,CityRoad,Yes,low
28,Sunday,2:00 PM,309,233,13,28,583,Sunny,CityRoad,Yes,heavy
28,Sunday,4:00 PM,144,169,10,37,360,Foggy,NarrowRoad,Yes,high
28,Sunday,6:00 PM,102,80,15,13,210,Foggy,NarrowRoad,Yes,normal
28,Sunday,8:00 PM,222,239,6,33,500,Sunny,CityRoad,No,heavy
29,Monday,8:00 AM,52,127,14,28,221,Foggy,CityRoad,No,normal
29,Monday,10:00 AM,56,119,7,6,188,Foggy,CityRoad,Yes,normal
29,Monday,12:00 PM,233,249,14,7,503,Foggy,CityRoad,No,heavy
29,Monday,2:00 PM,89,41,4,25,159,Sunny,NarrowRoad,No,normal
29,Monday,4:00 PM,82,180,11,22,295,Foggy,Highway,No,normal
29,Monday,6:00 PM,138,73,13,9,233,Rainy,NarrowRoad,No,normal
29,Monday,8:00 PM,156,183,4,39,382,Rainy,NarrowRoad,Yes,high
29,Tuesday,8:00 AM,96,114,7,34,251,Sunny,CityRoad,Yes,normal
29,Tuesday,10:00 AM,388,33,8,30,459,Rainy,Highway,No,heavy
29,Tuesday,12:00 PM,306,136,3,22,467,Foggy,NarrowRoad,Yes,heavy
29,Tuesday,2:00 PM,269,141,3,16,429,Sunny,Highway,No,high
29,Tuesday,4:00 PM,79,209,5,35,328,Rainy,NarrowRoad,No,high
29,Tuesday,6:00 PM,280,245,5,42,572,Sunny,NarrowRoad,Yes,heavy
29,Tuesday,8:00 PM,365,88,2,21,476,Foggy,NarrowRoad,No,heavy
29,Wednesday,8:00 AM,249,202,8,47,506,Sunny,NarrowRoad,Yes,heavy
29,Wednesday,10:00 AM,280,234,7,22,543,Sunny,NarrowRoad,Yes,heavy
29,Wednesday,12:00 PM,322,144,7,26,499,Foggy,NarrowRoad,No,heavy
29,Wednesday,2:00 PM,101,231,11,38,381,Foggy,NarrowRoad,No,high
29,Wednesday,4:00 PM,283,133,15,16,447,Rainy,CityRoad,No,high
29,Wednesday,6:00 PM,358,202,1,17,578,Foggy,NarrowRoad,No,heavy
29,Wednesday,8:00 PM,57,147,11,22,237,Foggy,Highway,Yes,normal
29,Thursday,8:00 AM,94,232,3,18,347,Rainy,Highway,Yes,high
29,Thursday,10:00 AM,101,146,13,14,274,Sunny,Highway,No,normal
29,Thursday,12:00 PM,244,68,12,42,366,Rainy,Highway,No,high
29,Thursday,2:00 PM,250,103,5,21,379,Foggy,CityRoad,No,high
29,Thursday,4:00 PM,137,237,10,40,424,Rainy,CityRoad,No,high
29,Thursday,6:00 PM,329,236,2,13,580,Foggy,CityRoad,Yes,heavy
29,Thursday,8:00 PM,225,65,13,31,334,Foggy,Highway,No,high
29,Friday,8:00 AM,227,94,12,18,351,Sunny,NarrowRoad,Yes,high
29,Friday,10:00 AM,364,227,7,5,603,Sunny,Highway,No,heavy
29,Friday,12:00 PM,341,20,7,6,374,Foggy,NarrowRoad,No,high
29,Friday,2:00 PM,171,161,4,25,361,Foggy,Highway,No,high
29,Friday,4:00 PM,295,219,4,39,557,Rainy,CityRoad,No,heavy
29,Friday,6:00 PM,116,120,3,44,283,Sunny,CityRoad,Yes,normal
29,Friday,8:00 PM,143,230,4,36,413,Rainy,NarrowRoad,No,high
29,Saturday,8:00 AM,121,50,3,33,207,Rainy,CityRoad,Yes,normal
29,Saturday,10:00 AM,246,229,12,47,534,Foggy,NarrowRoad,No,heavy
29,Saturday,12:00 PM,153,76,15,6,250,Foggy,CityRoad,No,normal
29,Saturday,2:00 PM,372,207,10,34,623,Sunny,CityRoad,Yes,heavy
29,Saturday,4:00 PM,208,40,4,13,265,Rainy,Highway,No,normal
29,Saturday,6:00 PM,200,195,3,14,412,Rainy,NarrowRoad,No,high
29,Saturday,8:00 PM,387,128,10,14,539,Rainy,NarrowRoad,No,heavy
29,Sunday,8:00 AM,58,74,11,20,163,Foggy,Highway,Yes,normal
29,Sunday,10:00 AM,332,172,5,29,538,Foggy,Highway,Yes,heavy
29,Sunday,12:00 PM,321,105,8,7,441,Foggy,Highway,No,high
29,Sunday,2:00 PM,366,225,14,17,622,Sunny,CityRoad,No,heavy
29,Sunday,4:00 PM,220,183,2,9,414,Rainy,CityRoad,Yes,high
29,Sunday,6:00 PM,366,163,11,12,552,Foggy,Highway,Yes,heavy
29,Sunday,8:00 PM,143,20,2,40,205,Foggy,Highway,No,normal
30,Monday,8:00 AM,147,232,2,32,413,Sunny,NarrowRoad,Yes,high
30,Monday,10:00 AM,294,228,10,23,555,Sunny,NarrowRoad,No,heavy
30,Monday,12:00 PM,272,45,13,17,347,Foggy,CityRoad,Yes,high
30,Monday,2:00 PM,68,115,14,45,242,Foggy,Highway,Yes,normal
30,Monday,4:00 PM,268,195,15,23,501,Sunny,CityRoad,Yes,heavy
30,Monday,6:00 PM,222,247,1,37,507,Foggy,Highway,Yes,heavy
30,Monday,8:00 PM,289,207,5,50,551,Sunny,NarrowRoad,No,heavy
30,Tuesday,8:00 AM,95,62,14,16,187,Sunny,CityRoad,No,normal
30,Tuesday,10:00 AM,111,178,13,43,345,Rainy,CityRoad,No,high
30,Tuesday,12:00 PM,141,85,6,33,265,Foggy,NarrowRoad,No,normal
30,Tuesday,2:00 PM,92,96,5,7,200,Foggy,Highway,No,normal
30,Tuesday,4:00 PM,187,116,7,45,355,Rainy,NarrowRoad,Yes,high
30,Tuesday,6:00 PM,366,92,5,37,500,Rainy,CityRoad,Yes,heavy
30,Tuesday,8:00 PM,399,66,10,7,482,Sunny,Highway,No,heavy
30,Wednesday,8:00 AM,324,117,15,41,497,Rainy,CityRoad,Yes,heavy
30,Wednesday,10:00 AM,125,205,1,41,372,Sunny,Highway,Yes,high
30,Wednesday,12:00 PM,241,228,15,15,499,Foggy,Highway,Yes,heavy
30,Wednesday,2:00 PM,322,81,5,14,422,Rainy,Highway,Yes,high
30,Wednesday,4:00 PM,250,109,14,43,416,Foggy,Highway,Yes,high
30,Wednesday,6:00 PM,247,168,9,18,442,Sunny,NarrowRoad,Yes,high
30,Wednesday,8:00 PM,151,49,13,24,237,Sunny,CityRoad,No,normal
30,Thursday,8:00 AM,206,100,8,38,352,Foggy,CityRoad,No,high
30,Thursday,10:00 AM,287,81,2,33,403,Foggy,CityRoad,Yes,high
30,Thursday,12:00 PM,134,182,11,49,376,Rainy,NarrowRoad,No,high
30,Thursday,2:00 PM,400,78,10,27,515,Rainy,NarrowRoad,No,heavy
30,Thursday,4:00 PM,290,28,5,48,371,Sunny,CityRoad,Yes,high
30,Thursday,6:00 PM,120,56,15,40,231,Foggy,CityRoad,No,normal
30,Thursday,8:00 PM,346,137,3,36,522,Sunny,CityRoad,Yes,heavy
30,Friday,8:00 AM,67,124,4,24,219,Rainy,Highway,No,normal
30,Friday,10:00 AM,396,151,1,7,555,Foggy,Highway,No,heavy
30,Friday,12:00 PM,191,226,1,34,452,Foggy,Highway,No,heavy
30,Friday,2:00 PM,51,208,15,43,317,Sunny,Highway,No,high
30,Friday,4:00 PM,150,137,12,28,327,Foggy,NarrowRoad,No,high
30,Friday,6:00 PM,387,245,8,33,673,Sunny,CityRoad,Yes,heavy
30,Friday,8:00 PM,226,165,1,44,436,Sunny,Highway,No,high
30,Saturday,8:00 AM,247,25,15,26,313,Sunny,Highway,No,high
30,Saturday,10:00 AM,268,155,12,41,476,Sunny,NarrowRoad,No,heavy
30,Saturday,12:00 PM,64,27,15,41,147,Sunny,NarrowRoad,Yes,low
30,Saturday,2:00 PM,193,145,14,46,398,Sunny,Highway,No,high
30,Saturday,4:00 PM,170,54,1,18,243,Rainy,CityRoad,No,normal
30,Saturday,6:00 PM,344,42,6,47,439,Rainy,CityRoad,Yes,high
30,Saturday,8:00 PM,255,29,15,18,317,Foggy,NarrowRoad,Yes,high
30,Sunday,8:00 AM,142,45,9,46,242,Rainy,CityRoad,Yes,normal
30,Sunday,10:00 AM,287,241,8,40,576,Foggy,NarrowRoad,Yes,heavy
30,Sunday,12:00 PM,327,110,3,10,450,Sunny,CityRoad,Yes,heavy
30,Sunday,2:00 PM,57,69,15,18,159,Sunny,NarrowRoad,Yes,normal
30,Sunday,4:00 PM,69,128,3,24,224,Foggy,CityRoad,No,normal
30,Sunday,6:00 PM,76,47,11,5,139,Foggy,Highway,No,low
30,Sunday,8:00 PM,307,203,15,17,542,Rainy,CityRoad,Yes,heavy
